time,target_speed,speed,filtered_speed,step_length,distance
1.3322676295501878e-15,0.05,-0.0014501741270776412,-0.0014501741270776412,0.05029003482541553,0.0
0.010000000000000231,0.05,-0.0014462871571532226,-0.0014499311914573652,0.05028998623829148,-1.308886448425639e-05
0.01999999999999913,0.05,-0.001439314837203691,-0.0014492676693165106,0.0502898535338633,-2.612820589222714e-05
0.029999999999998028,0.05,-0.0014294224501736274,-0.0014480273431200805,0.050289605468624016,-3.909002571979986e-05
0.03999999999999693,0.05,-0.0014167816814987485,-0.0014460744892687474,0.05028921489785375,-5.194791634591939e-05
0.049999999999995826,0.05,-0.0017129379093766826,-0.0014627534530254915,0.0502925506906051,-6.746795155699453e-05
0.059999999999994724,0.05,-0.001612304621335375,-0.0014721004010448582,0.05029442008020897,-8.332929548811319e-05
0.06999999999999362,0.05,-0.0015331150820347323,-0.0014759138186067249,0.050295182763721344,-9.768735954166635e-05
0.07999999999999252,0.05,-0.0014649881395654113,-0.001475230963666643,0.05029504619273333,-0.00011100090793605272
0.08999999999999142,0.05,-0.0011168960842414192,-0.0014528350337025687,0.05029056700674052,-0.00012097145281677463
0.09999999999999032,0.05,-0.0008263880829311376,-0.0014136820992793583,0.050282736419855874,-0.0001271037895531832
0.10999999999998922,0.05,-0.0005746582489413355,-0.0013612431086332372,0.05027224862172665,-0.00013046326073253012
0.11999999999998812,0.05,-3.0916861563978553e-06,-0.0012763586447284436,0.05025527172894569,-0.00012858488783469568
0.12999999999998701,0.05,0.00019560430866808517,-0.00118436096014117,0.050236872192028235,-0.00012363659676144917
0.1399999999999859,0.05,0.0003849624647128953,-0.0010862782460878012,0.050217255649217564,-0.0001177160297271343
0.1499999999999848,0.05,0.0009092959389952106,-0.0009615548595201257,0.050192310971904026,-0.00010771535101688351
0.1599999999999837,0.05,0.0013414515910110886,-0.0008176169563619397,0.05016352339127239,-9.29467074783294e-05
0.1699999999999826,0.05,0.001705483195221474,-0.0006599231968879926,0.0501319846393776,-7.467754737788823e-05
0.1799999999999815,0.05,0.002501770907250136,-0.00046231731537938,0.05009246346307588,-4.975108265480033e-05
0.1899999999999804,0.05,0.0030818348222491254,-0.0002408078067776213,0.050048161561355525,-1.8335230642693712e-05
0.1999999999999793,0.05,0.0038994710298871442,1.7959620513899847e-05,0.049996408075897225,2.0199854229581427e-05
0.2099999999999782,0.05,0.004421904902644993,0.0002932062006470648,0.04994135875987059,6.427014873788134e-05
0.2199999999999771,0.05,0.005096360316038938,0.0005934033328590259,0.049881319333428195,0.00011370144874069121
0.229999999999976,0.05,0.005850064261281996,0.0009219446408854276,0.04981561107182292,0.00016997960780766597
0.2399999999999749,0.05,0.006299732806286844,0.0012580564012229815,0.049748388719755406,0.00023097943942265026
0.2499999999999738,0.05,0.00641688883281537,0.0015804834281974724,0.04968390331436051,0.0002926643274547072
0.2599999999999727,0.05,0.0061688936284418055,0.0018672590657127135,0.04962654818685746,0.00035105559695661204
0.2699999999999716,0.05,0.005949546366187975,0.002122402021992391,0.049575519595601525,0.00040603395165414446
0.2799999999999705,0.05,0.005157309985441975,0.0023120837697079705,0.049537583246058406,0.0004536841572963385
0.2899999999999694,0.05,0.003911831831078486,0.0024120680235436174,0.04951758639529128,0.0004883081273248449
0.2999999999999683,0.05,0.0025402434992245924,0.0024200789907736775,0.04951598420184527,0.0005083263817670103
0.3099999999999672,0.05,0.0007133009113788132,0.0023134053608115093,0.0495373189278377,0.0005106644004084573
0.3199999999999661,0.05,-0.0015016022944122176,0.002074967382360051,0.04958500652352799,0.0004911184024739904
0.329999999999965,0.05,-0.003661558749044348,0.0017164344991473129,0.049656713100170544,0.00044986807107647714
0.3399999999999639,0.05,-0.006121371580329489,0.0012265716191800634,0.04975468567616399,0.0003856718867084191
0.3499999999999628,0.05,-0.00848183545058084,0.0006197961773200696,0.04987604076453599,0.0002987600400827517
0.3599999999999617,0.05,-0.01096724521879828,-0.00010439390993725243,0.05002087878198745,0.00018898255151073712
0.3699999999999606,0.05,-0.013132799827506864,-0.0009186692797852692,0.050183733855957056,5.871646421228699e-05
0.3799999999999595,0.05,-0.015233084320223664,-0.0018133202198125766,0.050362664043962516,-9.021039488526367e-05
0.3899999999999584,0.05,-0.016788759411342537,-0.0027492851692831025,0.05054985703385662,-0.000253354821606086
0.3999999999999573,0.05,-0.017766562977224176,-0.0036878650322793227,0.050737573006455865,-0.00042425118628600794
0.4099999999999562,0.05,-0.01842494638680961,-0.004608932616937371,0.050921786523387476,-0.0005990442907136684
0.4199999999999551,0.05,-0.018650179589748093,-0.00548651055273795,0.051097302110547596,-0.000774306455433936
0.429999999999954,0.05,-0.0181253985070596,-0.006276441049882972,0.051255288209976595,-0.0009432886997442144
0.4399999999999529,0.05,-0.01741926763276614,-0.006972867711313098,0.05139457354226262,-0.001102993683389529
0.44999999999995177,0.05,-0.01614147045310651,-0.007545905382675126,0.05150918107653503,-0.0012494907499808056
0.45999999999995067,0.05,-0.014570376024706132,-0.007984934797802018,0.05159698695956041,-0.001379463216927529
0.46999999999994957,0.05,-0.012613877542498871,-0.008274243719345542,0.05165484874386911,-0.0014897907431911314
0.47999999999994847,0.05,-0.01080213735113485,-0.008432237071332357,0.05168644741426647,-0.0015816345446767674
0.48999999999994737,0.05,-0.008354023713370682,-0.008427348736459754,0.051685469747291955,-0.0016511601733978434
0.49999999999994627,0.05,-0.006168351352128639,-0.008286161399939073,0.051657232279987815,-0.0016987529665545634
0.5099999999999452,0.05,-0.0037132897435065886,-0.008000356921412072,0.051600071384282416,-0.0017241092272707245
0.5199999999999441,0.05,-0.0011576557753133132,-0.007572688099780943,0.05151453761995619,-0.0017255704259154098
0.529999999999943,0.05,0.0015915408048250766,-0.006999923793243126,0.051399984758648626,-0.001701368449054573
0.5399999999999419,0.05,0.004292639246545275,-0.0062941386032564235,0.05125882772065129,-0.0016515461868369594
0.5499999999999408,0.05,0.006668564248124864,-0.005483969675045177,0.05109679393500904,-0.001579686278934532
0.5599999999999397,0.05,0.009633581753390356,-0.004539122710768053,0.05090782454215361,-0.0014824336222745912
0.5699999999999386,0.05,0.012372213514076715,-0.0034821641967153647,0.050696432839343074,-0.0013593743108622006
0.5799999999999375,0.05,0.015244458478749319,-0.0023117502794989427,0.05046235005589979,-0.0012106009459775247
0.5899999999999364,0.05,0.01777748522962946,-0.0010561730601785471,0.050211234612035714,-0.0010383808943450062
0.5999999999999353,0.05,0.020297675442685698,0.0002784424712503305,0.04994431150574993,-0.0008440268965863099
0.6099999999999342,0.05,0.022265701090767785,0.0016526461349700295,0.049669470773006,-0.0006317014316685118
0.619999999999933,0.05,0.02401568617183285,0.0030503361372738115,0.04938993277254524,-0.0004047823143801324
0.629999999999932,0.05,0.024982553996803797,0.004421099753494294,0.049115780049301144,-0.0001696056297747356
0.6399999999999308,0.05,0.025518356142771502,0.005739678277823984,0.0488520643444352,6.839742654450587e-05
0.6499999999999297,0.05,0.025050071529305384,0.006946577856041447,0.04861068442879171,0.0003008679436719841
0.6599999999999286,0.05,0.02400334807553374,0.008012625994759605,0.048397474801048085,0.000520914743411538
0.6699999999999275,0.05,0.021855371651001147,0.008877797598274612,0.04822444048034508,0.0007193804007399052
0.6799999999999264,0.05,0.019122341687512305,0.009518081603851902,0.04809638367922962,0.0008893882431914579
0.6899999999999253,0.05,0.015332719239226163,0.009881496456062755,0.04802370070878745,0.0010224329400149723
0.6999999999999242,0.05,0.011097690384038758,0.009957508576561247,0.048008498284687756,0.0011130977957896152
0.7099999999999231,0.05,0.005988026056506788,0.009709415919057869,0.04805811681618843,0.0011548739970560495
0.719999999999922,0.05,0.0007055982971127936,0.009146677317686359,0.04817066453646273,0.0011450528622018938
0.7299999999999209,0.05,-0.00515892407849572,0.008252577230425072,0.04834948455391499,0.0010801572655548056
0.7399999999999198,0.05,-0.01081752904191116,0.00706069558840418,0.048587860882319166,0.0009610797994219211
0.7499999999999187,0.05,-0.01637248228668037,0.005596121971211547,0.048880775605757695,0.0007908654526785283
0.7599999999999176,0.05,-0.0216078364452679,0.003895874570181757,0.04922082508596365,0.0005728330926149452
0.7699999999999165,0.05,-0.02632236990134499,0.0020072342907115305,0.049598553141857696,0.0003123094746192989
0.7799999999999154,0.05,-0.03033031513735548,-1.3862548542449213e-05,0.05000277250970849,1.651933242287351e-05
0.7899999999999143,0.05,-0.033519930806317856,-0.0021079918146531956,0.05042159836293064,-0.0003062040799366103
0.7999999999999132,0.05,-0.03576448950455282,-0.004211522920271705,0.050842304584054344,-0.0006465965276391955
0.8099999999999121,0.05,-0.036603290700007333,-0.006236008406504972,0.051247201681300994,-0.0009915006268605003
0.819999999999911,0.05,-0.03633815036932488,-0.008117392279181023,0.05162347845583621,-0.0013289745439168735
0.8299999999999099,0.05,-0.03519724836342147,-0.009809883284445877,0.051961976656889175,-0.001650884449152859
0.8399999999999088,0.05,-0.03336964993835614,-0.011282368700315116,0.05225647374006302,-0.0019516587299829996
0.8499999999999077,0.05,-0.03066593012911309,-0.012493841289614864,0.052498768257922976,-0.002224300249256808
0.8599999999999066,0.05,-0.027628487207771835,-0.013439756659499577,0.05268795133189992,-0.0024654371385973914
0.8699999999999055,0.05,-0.023914681605376308,-0.014094439468616805,0.05281888789372337,-0.002670770818449214
0.8799999999999044,0.05,-0.020132862710570125,-0.014471840921238849,0.052894368184247774,-0.00283918740252425
0.8899999999999033,0.05,-0.015818793393932298,-0.014556025450782181,0.05291120509015644,-0.002967709627662872
0.8999999999999022,0.05,-0.011619856996253765,-0.014372514922374173,0.05287450298447484,-0.0030564399813111168
0.9099999999999011,0.05,-0.0069838919415037976,-0.013910725986069822,0.05278214519721397,-0.003103263313550292
0.9199999999999,0.05,-0.002266686550000772,-0.013182973521315582,0.052636594704263115,-0.0031060194333116034
0.9299999999998989,0.05,0.002506381658665616,-0.012202388822566858,0.052440477764513375,-0.0030646273763967613
0.9399999999998978,0.05,0.006969010039847465,-0.011004176393666087,0.05220083527873322,-0.002982156277450028
0.9499999999998967,0.05,0.011543083412208135,-0.009594972655799094,0.05191899453115982,-0.0028594736317786792
0.9599999999998956,0.05,0.016088440676672432,-0.00798975932251979,0.05159795186450396,-0.0026964192039768964
0.9699999999998945,0.05,0.02057992273653452,-0.0062041541938290794,0.05124083083876582,-0.002493462852644651
0.9799999999998934,0.05,0.024930240749231093,-0.004258254509888019,0.0508516509019776,-0.0022517171640398584
0.9899999999998923,0.05,0.028994581963314812,-0.002179952230313057,0.05043599044606262,-0.0019736103730162435
0.9999999999998912,0.05,0.03263076819327216,-4.282203839205481e-06,0.05000085644076784,-0.0016630958952756278
1.00999999999989,0.05,0.03562251177170171,0.002222392419631872,0.049555521516073626,-0.0013262438721913447
1.019999999999889,0.05,0.03780593766331014,0.004446363997361534,0.0491107272005277,-0.0009708790223565064
1.029999999999888,0.05,0.03902803351522224,0.006607718342227604,0.04867845633155448,-0.0006063836612552262
1.0399999999998868,0.05,0.03913972228184768,0.00864096858845365,0.048271806282309274,-0.00024357012782538767
1.0499999999998857,0.05,0.038054374710977355,0.01047930647111119,0.04790413870577776,0.00010599554850668214
1.0599999999998846,0.05,0.035656966173852576,0.012052910202532364,0.04758941795949353,0.00042984709002164
1.0699999999998835,0.05,0.03192642657210694,0.013295004975630647,0.047340999004873874,0.0007152789449831817
1.0799999999998824,0.05,0.026910692364066,0.014145985437407768,0.04717080291251845,0.0009501702795705405
1.0899999999998813,0.05,0.02071680656842218,0.014556661758096126,0.04708866764838078,0.0011235922892233671
1.0999999999998802,0.05,0.013497971549990072,0.014490493620089504,0.0471019012759821,0.001226219780537087
1.109999999999879,0.05,0.005483993906885779,0.013927587388014329,0.047214482522397135,0.0012510761391226755
1.119999999999878,0.05,-0.003042373879940585,0.012866964808767256,0.047426607038246554,0.0011941510472690126
1.1299999999998769,0.05,-0.011796031805869717,0.011325527520352605,0.04773489449592948,0.0010541856578732064
1.1399999999998758,0.05,-0.020476168573143813,0.009337921514509285,0.04813241569709815,0.000833116293931957
1.1499999999998747,0.05,-0.02879504119586051,0.006954611345111418,0.048609077730977716,0.0005355092371210277
1.1599999999998736,0.05,-0.0364932751906022,0.004239118436629597,0.04915217631267409,0.00016823124407415457
1.1699999999998725,0.05,-0.04337155462243724,0.0012634513704382266,0.049747309725912355,-0.00026003935346290835
1.1799999999998714,0.05,-0.04921604346128099,-0.0018915170565438986,0.05037830341130878,-0.0007389476899273204
1.1899999999998703,0.05,-0.053798601735082704,-0.005135709848952239,0.05102714196979045,-0.0012561556619772873
1.1999999999998692,0.05,-0.0568993462048316,-0.008370937121194365,0.05167418742423888,-0.0017973610112804461
1.209999999999868,0.05,-0.05833003231359414,-0.011493380570719029,0.05229867611414381,-0.0023465850343773603
1.219999999999867,0.05,-0.057950287670549695,-0.014396937264458145,0.052879387452891634,-0.002886454484849546
1.2299999999998659,0.05,-0.0557051967547004,-0.01697870348259802,0.0533957406965196,-0.0033988070599445946
1.2399999999998648,0.05,-0.0524871003141933,-0.019197978284572495,0.0538395956569145,-0.003873469047477096
1.2499999999998637,0.05,-0.047931417359674475,-0.020993818226766183,0.05419876364535324,-0.004300793748475799
1.2599999999998626,0.05,-0.04261135527339875,-0.02234491429218058,0.05446898285843612,-0.004673764197805477
1.2699999999998615,0.05,-0.03669740965855996,-0.023241945252579197,0.05464838905051584,-0.004988845004065691
1.2799999999998604,0.05,-0.030346340832799062,-0.023685969976342893,0.05473719399526858,-0.005243525216395074
1.2899999999998593,0.05,-0.02369861438734492,-0.02368676025203052,0.054737352050406106,-0.005436194441310292
1.2999999999998582,0.05,-0.016857878251181693,-0.02325995512697751,0.0546519910253955,-0.00556586807747865
1.309999999999857,0.05,-0.009903363449683428,-0.022425168147146717,0.054485033629429344,-0.005631983393415571
1.319999999999856,0.05,-0.002878933186953987,-0.0212035284621348,0.05424070569242696,-0.005634033286865313
1.3299999999998549,0.05,0.004159031301206003,-0.019618368476926162,0.053923673695385234,-0.005571950268416191
1.3399999999998538,0.05,0.010762717018174457,-0.01771955063348257,0.053543910126696515,-0.005449684986578426
1.3499999999998527,0.05,0.01737875666523858,-0.015525906427312722,0.053105181285462544,-0.0052692189840931325
1.3599999999998515,0.05,0.02388090250560781,-0.013062980869005442,0.05261259617380109,-0.0050313209643427365
1.3699999999998504,0.05,0.030229255984208853,-0.010357216065679829,0.05207144321313597,-0.004737187078355805
1.3799999999998493,0.05,0.036285413991283204,-0.00744205168711994,0.05148841033742399,-0.0043891430209524185
1.3899999999998482,0.05,0.04183172366829099,-0.004362440727407074,0.05087248814548142,-0.003991540202955231
1.3999999999998471,0.05,0.04661475873597379,-0.0011763657609460995,0.05023527315218922,-0.003551214226569878
1.409999999999846,0.05,0.0503952103610471,0.0020468577466781425,0.04959062845066437,-0.0030776190194357345
1.419999999999845,0.05,0.052923852520358895,0.005226669920032861,0.04895466601599343,-0.0025827688111740923
1.4299999999998438,0.05,0.05407812114322552,0.008279885621482087,0.048344022875703586,-0.002080112948511244
1.4399999999998427,0.05,0.05370890512624544,0.011119199340529504,0.047776160131894105,-0.001584337991253043
1.4499999999998416,0.05,0.05166835736877053,0.013653521717294306,0.047269295656541144,-0.0011116609479416562
1.4599999999998405,0.05,0.04782725494522205,0.01578938004403957,0.046842123991192086,-0.000679308097128635
1.4699999999998394,0.05,0.04218920235583506,0.017439368938526618,0.04651212621229468,-0.00030457203544635714
1.4799999999998383,0.05,0.0348593881813522,0.018528120141203103,0.04629437597175938,-3.5180864021155944e-06
1.4899999999998372,0.05,0.026032184184014276,0.018997124143878753,0.04620057517122425,0.0002097585254434986
1.4999999999998361,0.05,0.016054525806331425,0.018813211747782065,0.04623735765044359,0.0003250398105943686
1.509999999999835,0.05,0.0052553804766731094,0.017965847293337844,0.04640683054133243,0.00033580307547258215
1.519999999999834,0.05,-0.0060622656697986044,0.01646409023314197,0.046707181953371604,0.00023856921017298416
1.5299999999998328,0.05,-0.017488740935768795,0.014342038285085268,0.04713159234298295,3.371869794102644e-05
1.5399999999998317,0.05,-0.028683751745761474,0.011652926408157623,0.047669414718368476,-0.00027499498716755666
1.5499999999998306,0.05,-0.03926591570510325,0.008470498776079147,0.04830590024478417,-0.0006806347239134147
1.5599999999998295,0.05,-0.04894588443608041,0.004881974825319545,0.049023605034936094,-0.0011732435974650818
1.5699999999998284,0.05,-0.05747694215735845,0.000984542513902573,0.04980309149721949,-0.0017407443980516565
1.5799999999998273,0.05,-0.06457096278106046,-0.0031126765670321938,0.05062253531340644,-0.0023686768103750935
1.5899999999998262,0.05,-0.06994861423841973,-0.007289922671493484,0.0514579845342987,-0.0030402420959947316
1.5999999999998251,0.05,-0.07334907014647021,-0.011418619388679104,0.052283723877735826,-0.0037363901753929077
1.609999999999824,0.05,-0.07465224793957871,-0.015370721173109923,0.053074144234621985,-0.0044367114084728
1.619999999999823,0.05,-0.07344311846489487,-0.01900024600384611,0.05380004920076922,-0.0051173117344943606
1.6299999999998218,0.05,-0.07029082875914482,-0.022205907426051948,0.05444118148521039,-0.005758149487079839
1.6399999999998207,0.05,-0.06561344478751495,-0.024918878511143105,0.05498377570222862,-0.006345864843407802
1.6499999999998196,0.05,-0.059722694282690655,-0.027094116996864603,0.05541882339937292,-0.006871373583752879
1.6599999999998185,0.05,-0.05288527584749813,-0.028706064425029033,0.0557412128850058,-0.0073283896633838455
1.6699999999998174,0.05,-0.04534152805722463,-0.02974578090204115,0.05594915618040823,-0.0077126614849238675
1.6799999999998163,0.05,-0.03729361720940255,-0.030217520671251188,0.056043504134250244,-0.00802153589620068
1.6899999999998152,0.05,-0.02889598411838569,-0.0301349246366971,0.05602698492733942,-0.008253375085071943
1.699999999999814,0.05,-0.020309318415048083,-0.0295208242478441,0.055904164849568824,-0.008407363570876014
1.709999999999813,0.05,-0.011677984440674177,-0.028405646759896097,0.05568112935197922,-0.008483600379352606
1.719999999999812,0.05,-0.0030882512513781754,-0.02682330954061389,0.05536466190812278,-0.00848274807723038
1.7299999999998108,0.05,0.005396008091925953,-0.02480960218858036,0.054961920437716076,-0.008405863527593371
1.7399999999998097,0.05,0.013398053664544784,-0.022421623697760285,0.05448432473955206,-0.008257610189694724
1.7499999999998086,0.05,0.021132694312373287,-0.01969947882212722,0.05393989576442545,-0.008041872764737099
1.7599999999998075,0.05,0.02863967629128008,-0.016678281627539576,0.05333565632550792,-0.007760995856486652
1.7699999999998064,0.05,0.035841067404684804,-0.01339582231302589,0.05267916446260518,-0.007417090166568552
1.7799999999998053,0.05,0.04258296829084251,-0.009897147900284476,0.0519794295800569,-0.007013727091970914
1.7899999999998042,0.05,0.048610791713838426,-0.006240401674402173,0.05124808033488044,-0.006556927564902448
1.799999999999803,0.05,0.05367771973082049,-0.002495519086576143,0.05049910381731523,-0.006055272305287095
1.809999999999802,0.05,0.05755339582065813,0.0012575380951256117,0.04974849238097488,-0.005519925368666627
1.8199999999998009,0.05,0.06000255323339754,0.004929101541267228,0.049014179691746554,-0.004964275800347702
1.8299999999997998,0.05,0.060881022479921464,0.008426096599932757,0.04831478068001345,-0.004403522588076872
1.8399999999997987,0.05,0.06004156353818409,0.011652063283573133,0.04766958734328537,-0.0038540522596438517
1.8499999999997976,0.05,0.05732030069430278,0.01450632812174344,0.04709873437565131,-0.0033337855645201586
1.8599999999997965,0.05,0.052675963378170675,0.016891930325269897,0.04662161393494602,-0.002861302777470459
1.8699999999997954,0.05,0.04618561855125181,0.018722785839393578,0.04625544283212129,-0.0024543034616842305
1.8799999999997943,0.05,0.03802596177977808,0.019929234335667484,0.046014153132866505,-0.0021286358287190624
1.8899999999997932,0.05,0.028502444368552576,0.020465059962722746,0.04590698800745545,-0.001896723078665792
1.899999999999792,0.05,0.017927623050057007,0.020306470155681152,0.04593870596886377,-0.0017677673860099774
1.909999999999791,0.05,0.006682981209218942,0.01945500209652735,0.04610899958069453,-0.0017466972559559563
1.9199999999997899,0.05,-0.004883686385194831,0.017933834066419872,0.04641323318671603,-0.0018351083196977425
1.9299999999997888,0.05,-0.016439948647744295,0.015785472646784832,0.046842905470643036,-0.002031334270758363
1.9399999999997877,0.05,-0.027649028057855095,0.013070816352745117,0.04738583672945098,-0.0023308525233248847
1.9499999999997866,0.05,-0.038147443512686334,0.009869675111155982,0.048026064977768804,-0.002725972135911095
1.9599999999997855,0.05,-0.04770613280066293,0.006271187116667671,0.04874576257666647,-0.003206414231735087
1.9699999999997844,0.05,-0.05607446878541976,0.0023745836227876092,0.04952508327544248,-0.0037599699721431942
1.9799999999997833,0.05,-0.06297178488153489,-0.0017095644087321256,0.05034191288174643,-0.004372019544744678
1.9899999999997822,0.05,-0.06813837211789986,-0.00586136489055468,0.05117227297811094,-0.005025696678174735
1.999999999999781,0.05,-0.0713321356081977,-0.009953288060406948,0.051990657612081395,-0.00570207161413841
2.0099999999997804,0.05,-0.07244579829075298,-0.013859069949803335,0.05277181398996067,-0.00638095015743996
2.0199999999997793,0.05,-0.07108127910817151,-0.017435458022200978,0.0534870916044402,-0.007038795654443923
2.029999999999778,0.05,-0.06781453067529045,-0.020584150063018745,0.05411683001260375,-0.00765596207839897
2.039999999999777,0.05,-0.06306830263392729,-0.023239409598700255,0.05464788191974006,-0.008219557183434645
2.049999999999776,0.05,-0.05714234208813401,-0.025358342879289647,0.055071668575857935,-0.008720804209969915
2.059999999999775,0.05,-0.050300009448507266,-0.026917197039865587,0.05538343940797312,-0.009153728250123443
2.069999999999774,0.05,-0.04277915225340277,-0.02790856924071156,0.05558171384814231,-0.009514328564377207
2.0799999999997727,0.05,-0.034782319157022304,-0.028338178610480935,0.05566763572209619,-0.009800195857741549
2.0899999999997716,0.05,-0.026464894129643556,-0.02822109833042861,0.05564421966608572,-0.010009899834467331
2.0999999999997705,0.05,-0.01799428962232462,-0.027581922786172178,0.05551638455723444,-0.010142885661250121
2.1099999999997694,0.05,-0.009501954485627283,-0.026451924767388238,0.05529038495347765,-0.010199466479103442
2.1199999999997683,0.05,-0.0010681552358665384,-0.024865439171668294,0.05497308783433366,-0.010180451367812995
2.129999999999767,0.05,0.007248173126787399,-0.02285833840301502,0.05457166768060301,-0.010086982350724819
2.139999999999766,0.05,0.0150756651658921,-0.02048746317995857,0.054097492635991715,-0.009923774916553989
2.149999999999765,0.05,0.022645700477509374,-0.0177916404513671,0.05355832809027342,-0.00969470232318919
2.159999999999764,0.05,0.02996156255847584,-0.014807065263252225,0.052961413052650445,-0.009402076542961935
2.169999999999763,0.05,0.03696604114089598,-0.011571246112993296,0.05231424922259866,-0.009048332627290843
2.1799999999997617,0.05,0.04352909906943397,-0.008127474539091947,0.05162549490781839,-0.00863678206839049
2.1899999999997606,0.05,0.049389025315585255,-0.004532693298174993,0.050906538659635,-0.008173354229532213
2.1999999999997595,0.05,0.0543016874588926,-0.0008555445008586481,0.050171108900171735,-0.007666487525058732
2.2099999999997584,0.05,0.05803738743414619,0.002825263745078774,0.04943494725098425,-0.007127199110116493
2.2199999999997573,0.05,0.06035673307775001,0.006420980578370355,0.048715803884325934,-0.00656872457617131
2.229999999999756,0.05,0.06112006102904054,0.009839673106536887,0.048032065378692625,-0.0060061492025147226
2.239999999999755,0.05,0.06018307838526797,0.012986135936457255,0.04740277281270855,-0.005455655180008019
2.249999999999754,0.05,0.05738369641731961,0.015760983466510864,0.04684780330669783,-0.004934945802965114
2.259999999999753,0.05,0.05267271047702553,0.018067966404667794,0.04638640671906644,-0.004462497837990763
2.2699999999997518,0.05,0.046123809563181545,0.01982145660207472,0.046035708679585056,-0.00405596534464657
2.2799999999997507,0.05,0.03790901007296027,0.020951928694004952,0.04580961426119901,-0.0037311783724809297
2.2899999999997496,0.05,0.028328829259639768,0.02141298497935708,0.04571740300412858,-0.003500658772793583
2.2999999999997485,0.05,0.01769577529026905,0.0211806593737891,0.045763868125242184,-0.0033736023339524593
2.3099999999997474,0.05,0.006390234940255512,0.020256257846693347,0.04594874843066133,-0.0033550481174570226
2.3199999999997463,0.05,-0.00523679940063986,0.018662941768735185,0.04626741164625296,-0.0034465983466044417
2.329999999999745,0.05,-0.016850240641207263,0.01644336786811401,0.0467113264263772,-0.0036465596942582695
2.339999999999744,0.05,-0.028115796344027572,0.01365842010485545,0.04726831597902891,-0.003950367283617036
2.349999999999743,0.05,-0.03866758245269091,0.01038804494500914,0.047922391010998176,-0.004350323684595585
2.359999999999742,0.05,-0.04826058319366882,0.006722505686342146,0.04865549886273157,-0.004836014523237724
2.3699999999997408,0.05,-0.05665499320387909,0.002761412005703728,0.049447717598859256,-0.005395120492008992
2.3799999999997397,0.05,-0.06357257999404675,-0.001384462494280249,0.05027689249885605,-0.006012970589062382
2.3899999999997386,0.05,-0.06875276036679316,-0.005594981111311872,0.051118996222262375,-0.0066726445266213005
2.3999999999997375,0.05,-0.07194870499901525,-0.009742088854292903,0.05194841777085858,-0.007355132142975548
2.4099999999997364,0.05,-0.07304767809737692,-0.013698688181985247,0.052739737636397055,-0.008040106942955212
2.4199999999997353,0.05,-0.07165347835360017,-0.017320862567710805,0.053464172513542164,-0.00870387096368326
2.429999999999734,0.05,-0.06834394367338724,-0.020509805136815253,0.05410196102736305,-0.009326641669219086
2.439999999999733,0.05,-0.06354088438292037,-0.023199247589696544,0.054639849517939314,-0.009895367309333075
2.449999999999732,0.05,-0.05755411196880221,-0.025346426613390427,0.05506928532267809,-0.010401197140027123
2.459999999999731,0.05,-0.050649991843131625,-0.02692789944024909,0.05538557988804982,-0.010838061479523965
2.4699999999997297,0.05,-0.04307272856307869,-0.027936951260425835,0.05558739025208517,-0.01120200348755062
2.4799999999997286,0.05,-0.03502024332655034,-0.028379657014558572,0.055675931402911716,-0.011490633553665724
2.4899999999997275,0.05,-0.02664787143367775,-0.02827142041575353,0.05565428408315071,-0.011702519807013569
2.4999999999997264,0.05,-0.018123537230859563,-0.027637177716697724,0.05552743554333955,-0.01183711643471555
2.5099999999997253,0.05,-0.009577386869669566,-0.02650844078875858,0.055301688157751716,-0.011894740061030189
2.5199999999997242,0.05,-0.0010916533423846065,-0.024919891573360373,0.054983978314672076,-0.011876222848173745
2.529999999999723,0.05,0.00727330704733932,-0.02290781665956685,0.05458156333191337,-0.011782749020936595
2.539999999999722,0.05,0.015149409823605948,-0.020529240004368794,0.054105848000873764,-0.01161905233145448
2.549999999999721,0.05,0.022769722773962175,-0.017823054830723387,0.05356461096614468,-0.011388954850107103
2.55999999999972,0.05,0.030137269916911003,-0.014825534533996548,0.052965106906799314,-0.011094787598885172
2.5699999999997187,0.05,0.03719098954246694,-0.011574501779217915,0.05231490035584359,-0.010738996539931003
2.5799999999997176,0.05,0.043803561569630715,-0.008113372819915234,0.05162267456398305,-0.010324915102245834
2.5899999999997165,0.05,0.049711711292458854,-0.0044993050628922265,0.05089986101257845,-0.00985849309507491
2.5999999999997154,0.05,0.05467062841514679,-0.0008011842205151694,0.050160236844103034,-0.00934819313745628
2.6099999999997143,0.05,0.05844992268091091,0.0029020099608235784,0.04941959800783528,-0.008805060582808485
2.6199999999997132,0.05,0.06080937369173296,0.006521220194005041,0.048695755961198996,-0.008242363529904928
2.629999999999712,0.05,0.061608740902086505,0.009964190238259776,0.04800716195234805,-0.007675224984900031
2.639999999999711,0.05,0.060700855446497934,0.013135231813774333,0.047372953637245134,-0.007119886119201578
2.64999999999971,0.05,0.057924655609740174,0.01593457080102191,0.04681308583979562,-0.006594119141461227
2.659999999999709,0.05,0.0532320743084752,0.0182656647702375,0.046346867045952506,-0.006116444452577113
2.6699999999997077,0.05,0.04669725365987576,0.020042639075839707,0.04599147218483206,-0.005704551433168441
2.6799999999997066,0.05,0.03849309062264306,0.0211957922975148,0.04576084154049704,-0.0053743013516723975
2.6899999999997055,0.05,0.028921326684647725,0.021678638196710558,0.04566427236065789,-0.005138222761652725
2.6999999999997044,0.05,0.018291644849793464,0.021466951112528262,0.04570660977749435,-0.005005559264972932
2.7099999999997033,0.05,0.006990732229412076,0.020562187432333595,0.045887562513533285,-0.004981353381642142
2.719999999999702,0.05,-0.004633253219667233,0.018987472391583705,0.04620250552168326,-0.005067208196888502
2.729999999999701,0.05,-0.016246101088435504,0.01678537404908273,0.046642925190183454,-0.0052614558457534655
2.7399999999997,0.05,-0.02751211054405993,0.014016781262011599,0.04719664374759768,-0.005559559097356524
2.749999999999699,0.05,-0.03806469735505172,0.010761688848445477,0.04784766223031091,-0.005953828288788814
2.759999999999698,0.05,-0.047658469871587776,0.007110428928443775,0.04857791421431125,-0.00643384888907652
2.7699999999996967,0.05,-0.05605397970759047,0.0031626533886920426,0.04936746932226159,-0.006987302116406795
2.7799999999996956,0.05,-0.06297323245283656,-0.0009708394764030683,0.05019416789528062,-0.0075995210843688085
2.7899999999996945,0.05,-0.0681562776339051,-0.005169929361246511,0.051033985872249304,-0.008253592550033155
2.7999999999996934,0.05,-0.07135596496936486,-0.009306556586753481,0.051861311317350695,-0.008930519338547417
2.8099999999996923,0.05,-0.07245765691520403,-0.013253500357281234,0.05265070007145625,-0.009609982819348571
2.819999999999691,0.05,-0.07106697853462043,-0.01686684274336456,0.05337336854867292,-0.01026829221127934
2.82999999999969,0.05,-0.06776158598417295,-0.020047764195914756,0.054009552839182955,-0.010885675637164069
2.839999999999689,0.05,-0.06296533250740623,-0.022730112215382695,0.05454602244307654,-0.011449097940066835
2.849999999999688,0.05,-0.05698457352397958,-0.024871016047169778,0.054974203209433956,-0.011949717148691044
2.859999999999687,0.05,-0.050095731638221924,-0.026447560771610375,0.05528951215432208,-0.012381512197140697
2.8699999999996857,0.05,-0.042533647241952785,-0.027452941176006673,0.05549058823520134,-0.012740532763840275
2.8799999999996846,0.05,-0.03449966503719762,-0.02789336141733106,0.05557867228346622,-0.013024390518240586
2.8899999999996835,0.05,-0.026149675927673775,-0.027784381074227493,0.0555568762148455,-0.013231686694968173
2.8999999999996824,0.05,-0.017653155968084398,-0.027151179505093614,0.055430235901018726,-0.0133619229675263
2.9099999999996813,0.05,-0.009137015140423792,-0.026025294232301866,0.055205058846460375,-0.01341544959104992
2.91999999999968,0.05,-0.0006827492336727754,-0.02444138516988771,0.05488827703397754,-0.0133931174217942
2.929999999999679,0.05,0.007649553445632803,-0.022435701506417886,0.05448714030128358,-0.013296121956437867
2.939999999999678,0.05,0.015493276625214786,-0.020065140373191088,0.05401302807463822,-0.01312920163216217
2.949999999999677,0.05,0.023080904534568077,-0.01736851256645642,0.05347370251329129,-0.012896180112923504
2.959999999999676,0.05,0.030414796430806617,-0.014382055754127787,0.05287641115082556,-0.012599384864031359
2.9699999999996747,0.05,0.03743738891954424,-0.01114334046202362,0.05222866809240473,-0.012241258004874064
2.9799999999996736,0.05,0.04402128012258865,-0.007695551675485709,0.051539110335097144,-0.011825100763589572
2.9899999999996725,0.05,0.049903006189077954,-0.004095641808950851,0.05081912836179017,-0.011356849598446725
2.9999999999996714,0.05,0.054838221594923284,-0.0004122753462090984,0.05008245506924182,-0.010844941687227855
3.0099999999996703,0.05,0.05857689637625074,0.003274547886444261,0.04934509042271115,-0.01030043504087614
3.019999999999669,0.05,0.060920914997229965,0.006877445830867995,0.048624510833826406,-0.00973665380754981
3.029999999999668,0.05,0.06170561004183821,0.010304206094053279,0.047939158781189345,-0.009168538295711404
3.039999999999667,0.05,0.06078419598731163,0.0134592054623816,0.047308158907523684,-0.008612329547596762
3.049999999999666,0.05,0.0579963324600047,0.016242775899732755,0.04675144482005345,-0.00808578273463497
3.0599999999996648,0.05,0.053293268828300426,0.018558431707767994,0.046288313658446406,-0.007607411524361181
3.0699999999996637,0.05,0.046748777977302675,0.02032032834961373,0.045935934330077255,-0.0071949043258119905
3.0799999999996626,0.05,0.03853528910852661,0.021458763397045666,0.04570824732059087,-0.006864124457760079
3.0899999999996615,0.05,0.02895673745598879,0.021927386775729564,0.04561452264485409,-0.006627574605610642
3.0999999999996604,0.05,0.01831669222047528,0.021701718366026194,0.045659656326794765,-0.006494529490250936
3.1099999999996593,0.05,0.007004742773568452,0.020783157391497678,0.04584336852170047,-0.006470077848870624
3.119999999999658,0.05,-0.0046306800654614295,0.0191947925504379,0.04616104148991242,-0.0065558251967233125
3.129999999999657,0.05,-0.016254783900510508,0.01697919402225385,0.046604161195549235,-0.0067500995467823025
3.139999999999656,0.05,-0.0275325764579556,0.014197208367241048,0.04716055832655179,-0.007048357306833182
3.149999999999655,0.05,-0.03809747981942363,0.010928790355574843,0.04781424192888503,-0.0074429131791541175
3.1599999999996538,0.05,-0.04770200130299455,0.007264365876914635,0.04854712682461708,-0.007923344155259048
3.1699999999996527,0.05,-0.05610774230213682,0.0033036091157243276,0.049339278176855135,-0.00847732222121033
3.1799999999996515,0.05,-0.06303689622541843,-0.0008426724680966665,0.050168534493619334,-0.009090176976885168
3.1899999999996504,0.05,-0.06822908550204156,-0.005054323282717788,0.05101086465654356,-0.009744989277825085
3.1999999999996493,0.05,-0.07143736526969181,-0.009203263406903237,0.05184065268138065,-0.010422752592795445
3.2099999999996482,0.05,-0.07254746997945768,-0.013162276317687481,0.0526324552635375,-0.011103141201579868
3.219999999999647,0.05,-0.071164506735526,-0.016787415718802014,0.053357483143760404,-0.01176245467991148
3.229999999999646,0.05,-0.0678657742183647,-0.01997981312502435,0.053995962625004876,-0.012380909869352391
3.239999999999645,0.05,-0.06307481448929522,-0.022673250710291002,0.0545346501420582,-0.01294545565833461
3.249999999999644,0.05,-0.05709826070576324,-0.024824813835007793,0.054964962767001566,-0.013447235702797163
3.2599999999996427,0.05,-0.05021256747790716,-0.02641154843768884,0.05528230968753777,-0.013880216537333491
3.2699999999996416,0.05,-0.04265232139189967,-0.027426596747326913,0.055485319349465385,-0.014240434211330054
3.2799999999996405,0.05,-0.03461910652736906,-0.0278761286085795,0.0555752257217159,-0.014525488530848701
3.2899999999996394,0.05,-0.02626842851898579,-0.027775647352979903,0.05555512947059598,-0.014733969850955278
3.2999999999996383,0.05,-0.017769171708599804,-0.02715024262520621,0.05543004852504124,-0.014865362425023565
3.3099999999996372,0.05,-0.009249308126287565,-0.026031434219023913,0.05520628684380478,-0.014920003253223388
3.319999999999636,0.05,-0.0007905596978832995,-0.02445387956145279,0.05489077591229056,-0.014898734724912426
3.329999999999635,0.05,0.007547041737720553,-0.02245382198025466,0.05449076439605093,-0.014802747515016756
3.339999999999634,0.05,0.01539640536923853,-0.02008818277091158,0.05401763655418232,-0.014636772169733685
3.349999999999633,0.05,0.022990780411435294,-0.017395747572015178,0.05347914951440304,-0.014404622924172203
3.3599999999996317,0.05,0.03033245016467444,-0.014412735213472385,0.05288254704269448,-0.014108623602112763
3.3699999999996306,0.05,0.03736309810306689,-0.011176745631189014,0.052235349126237805,-0.013751212433574765
3.3799999999996295,0.05,0.043955082568758325,-0.007731006368692662,0.05154620127373853,-0.013335695606055027
3.3899999999996284,0.05,0.049845050068404714,-0.004132502841374447,0.05082650056827489,-0.01286800757640224
3.3999999999996273,0.05,0.054788362460592814,-0.00044994876000187386,0.05008998975200038,-0.012356588438436754
3.409999999999626,0.05,0.058554338507936135,0.003237819194243871,0.04935243616115123,-0.011812462394754877
3.419999999999625,0.05,0.06092860414884069,0.0068434932539058,0.04863130134921884,-0.011248594385420356
3.429999999999624,0.05,0.06170859393628633,0.01027256204655423,0.04794548759068916,-0.010680433988698314
3.439999999999623,0.05,0.06078353928464086,0.013429498123934317,0.047314100375213136,-0.010124259251391779
3.449999999999622,0.05,0.05799287095558141,0.016214708925911973,0.046757058214817605,-0.009597798869397205
3.4599999999996207,0.05,0.05328792499148759,0.01853178493001021,0.04629364301399796,-0.009119543987425087
3.4699999999996196,0.05,0.04674236431764255,0.02029494614173705,0.04594101077165259,-0.00870716504814064
3.4799999999996185,0.05,0.03852841380018923,0.021434537870390194,0.04571309242592196,-0.00837651173924607
3.4899999999996174,0.05,0.02894670533040572,0.021904048336641117,0.045619190332671776,-0.008140122409346646
3.4999999999996163,0.05,0.018307852589856972,0.02167928610246713,0.045664142779506575,-0.008007231313675256
3.509999999999615,0.05,0.006997477001765864,0.020761673033673395,0.04584766539326532,-0.007982891157697944
3.519999999999614,0.05,-0.004635660399238821,0.019174339694116548,0.04616513206117669,-0.008068704770902636
3.529999999999613,0.05,-0.01625702611738258,0.01695987933089808,0.04660802413382038,-0.008262999252479926
3.539999999999612,0.05,-0.027531352169945254,0.01417917736209566,0.04716416452758087,-0.008561230075717532
3.549999999999611,0.05,-0.03809196598581703,0.010912230902851455,0.04781755381942971,-0.008955707364276429
3.5599999999996097,0.05,-0.047691855453913384,0.007249475505554031,0.048550104898889196,-0.009436004978861885
3.5699999999996086,0.05,-0.05609265801577723,0.0032905921604712354,0.049341881567905754,-0.009989793592561823
3.5799999999996075,0.05,-0.06301662305894011,-0.0008536087907415465,0.05017072175814831,-0.010602401813205736
3.5899999999996064,0.05,-0.06820391865047815,-0.005063003156974649,0.051012600631394935,-0.011256912051013084
3.5999999999996053,0.05,-0.07140710325367529,-0.00920950941301801,0.051841901882603604,-0.011934321926627835
3.609999999999604,0.05,-0.07251109953397289,-0.01316585879557728,0.05263317175911546,-0.012614303787318405
3.619999999999603,0.05,-0.07112174033749616,-0.016788101391946836,0.05335762027838937,-0.013273156095991147
3.629999999999602,0.05,-0.06781653486325938,-0.01997737848390354,0.05399547569678071,-0.013891096966210631
3.639999999999601,0.05,-0.06301923806578948,-0.022667494707771133,0.05453349894155423,-0.014455075591527755
3.6499999999996,0.05,-0.05703655225287659,-0.02481556080434,0.054963112160868,-0.01495623965352217
3.6599999999995987,0.05,-0.05014559832736258,-0.02639868814952875,0.055279737629905755,-0.015388559908912906
3.6699999999995976,0.05,-0.04258155927383752,-0.027410117594797945,0.05548202351895959,-0.01574808634428969
3.6799999999995965,0.05,-0.034545485811618204,-0.027856078108349166,0.055571215621669834,-0.016032428158743693
3.6899999999995954,0.05,-0.026193284736310198,-0.027752153522596742,0.05555043070451935,-0.016240183513323306
3.6999999999995943,0.05,-0.01769455607157666,-0.027123553681908052,0.05542471073638161,-0.01637085272873548
3.709999999999593,0.05,-0.009176062759964425,-0.026001835499286693,0.055200367099857345,-0.01642478482482493
3.719999999999592,0.05,-0.0007193081274439444,-0.024421677538546682,0.05488433550770934,-0.016402829267938047
3.729999999999591,0.05,0.007615738548204014,-0.02241933903312497,0.054483867806624994,-0.016306181666891142
3.73999999999959,0.05,0.015462213238210572,-0.020051742016166746,0.05401034840323335,-0.016139577080528787
3.7499999999995888,0.05,0.023053110186889096,-0.017357688753476035,0.05347153775069521,-0.015906834076988292
3.7599999999995877,0.05,0.030390604308210542,-0.014373420437120931,0.05287468408742419,-0.01561027928850478
3.7699999999995866,0.05,0.03741697911677638,-0.011136520465002683,0.05222730409300054,-0.015252353279583637
3.7799999999995855,0.05,0.044005047969327915,-0.007690172437857376,0.05153803448757148,-0.01483635516732669
3.7899999999995844,0.05,0.04989117348378467,-0.004091338317755119,0.05081826766355103,-0.014368220802580225
3.7999999999995833,0.05,0.054830964464494134,-0.00040869439386492096,0.050081738878772986,-0.013856386396099568
3.809999999999582,0.05,0.05857415286050222,0.0032777335595326447,0.049344453288093476,-0.013311909838639509
3.819999999999581,0.05,0.06094986674089865,0.006882241883367648,0.048623551623326475,-0.012747833671064697
3.82999999999958,0.05,0.061730741117358184,0.010310273085491702,0.047937945382901664,-0.012179433026032138
3.839999999999579,0.05,0.06080610161409266,0.013466262368528936,0.04730674752629421,-0.011623001319485508
3.8499999999995778,0.05,0.05801595286991558,0.016250618024865313,0.04674987639502694,-0.011096273000733098
3.8599999999995767,0.05,0.05331150595254399,0.018566923520344992,0.046286615295931005,-0.010617743386674865
3.8699999999995756,0.05,0.04676639406111751,0.020329390429143092,0.045934121914171386,-0.010205087106735601
3.8799999999995745,0.05,0.03855290102738507,0.0214683598415331,0.04570632803169338,-0.009874157781047492
3.8899999999995734,0.05,0.0289748669810799,0.021937516537754727,0.04561249669244906,-0.009637450992804365
3.8999999999995723,0.05,0.018335782814496722,0.021712408180051126,0.04565751836398978,-0.009504237357871613
3.909999999999571,0.05,0.0070251419868602605,0.020794454042976793,0.04584110919140465,-0.00947960199351408
3.91999999999957,0.05,-0.004608720484808272,0.01920675563499039,0.046158648873001924,-0.009565148670201487
3.929999999999569,0.05,-0.01623119055147084,0.01699188399833679,0.04660162320033265,-0.009759205544242658
3.939999999999568,0.05,-0.02750722899582808,0.014210689436201775,0.047157862112759644,-0.010057230213456857
3.9499999999995667,0.05,-0.03807026274323796,0.010943129924987128,0.04781137401500258,-0.010451537143314815
3.9599999999995656,0.05,-0.0476729049216155,0.0072796277470748415,0.048544074450585034,-0.010931703385621001
3.9699999999995645,0.05,-0.05607672757614962,0.003319855539373721,0.04933602889212526,-0.01148540101907531
3.9799999999995634,0.05,-0.06300394020237875,-0.0008253816944853807,0.05016507633889708,-0.01209795948680463
3.9899999999995623,0.05,-0.06819419636036762,-0.005035932611102586,0.05100718652222052,-0.012752459635776717
3.9999999999995612,0.05,-0.07140058992933535,-0.009183723693491705,0.05183674473869834,-0.013429895146553787
4.00999999999956,0.05,-0.07250888444112971,-0.013141546240218672,0.052628309248043736,-0.014109940713402845
4.019999999999559,0.05,-0.07112427773697935,-0.01676546695876584,0.05335309339175317,-0.014768897127028273
4.029999999999558,0.05,-0.06782409816515468,-0.019956631409164816,0.053991326281832966,-0.015386982852888684
4.039999999999557,0.05,-0.06303187101491992,-0.022648833884524232,0.054529766776904846,-0.015951148185543045
4.049999999999556,0.05,-0.05705425239402871,-0.02479917254136804,0.05495983450827361,-0.016452538313246806
4.059999999999555,0.05,-0.05016785752050039,-0.026384715352563648,0.05527694307051273,-0.01688512172015629
4.0699999999995535,0.05,-0.04260732410700327,-0.02739862839971602,0.055479725679943206,-0.01724493812124376
4.079999999999552,0.05,-0.03457414142344073,-0.027847097963698768,0.055569419592739755,-0.017529590392100655
4.089999999999551,0.05,-0.026223857365407027,-0.027745645426305546,0.05554912908526111,-0.01773767155355869
4.09999999999955,0.05,-0.017725469673913287,-0.027119384441781094,0.05542387688835622,-0.017868669697146893
4.109999999999549,0.05,-0.009206762518022037,-0.02599984557154627,0.05519996911430926,-0.01792292506496094
4.119999999999548,0.05,-0.0007494081579871182,-0.024421693233198986,0.0548843386466398,-0.01790128245402426
4.129999999999547,0.05,0.007586587944995828,-0.022421175659562018,0.054484235131912404,-0.01780493452569295
4.139999999999546,0.05,0.015434248009453588,-0.020055211680248788,0.05401104233604976,-0.017638613212757094
4.149999999999545,0.05,0.023026884716288783,-0.01736258065546547,0.05347251613109309,-0.017406133543915868
4.159999999999544,0.05,0.030366804449457337,-0.014379494086408103,0.05287589881728162,-0.01710981915246456
4.1699999999995425,0.05,0.03739582311242237,-0.011143536761481531,0.05222870735229631,-0.016752107920894842
4.179999999999541,0.05,0.04398637787905431,-0.0076979170964483964,0.05153958341928968,-0.01633630382278814
4.18999999999954,0.05,0.04987505264842297,-0.004099606487394308,0.050819921297478865,-0.01586834077746658
4.199999999999539,0.05,0.05481723739544126,-0.00041730374471746516,0.050083460748943494,-0.015356657393657644
4.209999999999538,0.05,0.05856315391490285,0.0032689748590084234,0.049346205028198316,-0.014812313405121708
4.219999999999537,0.05,0.060913799544014165,0.00687177640182091,0.04862564471963582,-0.01424863580838203
4.229999999999536,0.05,0.061704769761409296,0.010298838486794831,0.047940232302641037,-0.013680570800048981
4.239999999999535,0.05,0.060789071751991525,0.013454478065869298,0.047309104386826145,-0.013124362396016352
4.249999999999534,0.05,0.05800599778297574,0.016238948048188165,0.04675221039036237,-0.01259777261397197
4.259999999999533,0.05,0.0533069442004793,0.01855569780770612,0.04628886043845878,-0.012119321291351279
4.2699999999995315,0.05,0.04676573260120176,0.020318824982299415,0.04593623500354012,-0.011706701743808508
4.27999999999953,0.05,0.03855479032890773,0.021458572816462317,0.04570828543670754,-0.011375781396636649
4.289999999999529,0.05,0.02897799563858551,0.021928536742844968,0.04561429265143101,-0.011139067696708513
4.299999999999528,0.05,0.01833934940935375,0.02170421253450179,0.04565915749309964,-0.011005837515237031
4.309999999999527,0.05,0.007028568108022098,0.020786984757846905,0.04584260304843062,-0.010981181381917136
4.319999999999526,0.05,-0.004605496312688806,0.019199954690938586,0.046160009061812286,-0.01106670241521178
4.329999999999525,0.05,-0.01622819082092046,0.016985695596447623,0.04660286088071048,-0.011260727041355022
4.339999999999524,0.05,-0.027504248883584353,0.014205074066445911,0.04715898518671082,-0.011558709895726826
4.349999999999523,0.05,-0.03806692849297438,0.01093807390648248,0.047812385218703506,-0.011952961740303539
4.359999999999522,0.05,-0.047668896348044706,0.00727513826557491,0.04854497234688502,-0.012433055702681113
4.3699999999995205,0.05,-0.05607187209393417,0.0033159501181060013,0.0493368099763788,-0.012986661506128858
4.379999999999519,0.05,-0.06299807325070386,-0.0008286763424441871,0.05016573526848884,-0.013599107616211845
4.389999999999518,0.05,-0.06818764479076761,-0.005038611870463967,0.0510077223740928,-0.014253476200328984
4.399999999999517,0.05,-0.07139300100884521,-0.009185761191612365,0.05183715223832248,-0.014930764367015403
4.409999999999516,0.05,-0.07249887767400112,-0.013142830971761254,0.05262856619435225,-0.015610642400606708
4.419999999999515,0.05,-0.07111118421782935,-0.016765853049640136,0.05335317060992803,-0.016269406609604853
4.429999999999514,0.05,-0.06780733762571328,-0.01995594583564438,0.053991189167128875,-0.01688727282027038
4.439999999999513,0.05,-0.06301108180321388,-0.022646891833617195,0.05452937836672344,-0.017451186295892415
4.449999999999512,0.05,-0.05702920694323069,-0.024795786527967816,0.054959157305593566,-0.01795229245965796
4.459999999999511,0.05,-0.05013902308816977,-0.026379738812980273,0.055275947762596055,-0.01838456051211703
4.4699999999995095,0.05,-0.04257579813096992,-0.02739199252035452,0.05547839850407091,-0.018744041100755914
4.479999999999508,0.05,-0.034540471807356074,-0.02783877247579207,0.05556775449515842,-0.019028342850370472
4.489999999999507,0.05,-0.02618894866067685,-0.02773565848734738,0.05554713169746948,-0.019236063065390635
4.499999999999506,0.05,-0.017690848692230813,-0.02710785787515266,0.05542157157503053,-0.01936670156045931
4.509999999999505,0.05,-0.009172902194547757,-0.02598692314511497,0.055197384629022996,-0.019420606826729248
4.519999999999504,0.05,-0.0007166173245328747,-0.024407529031328753,0.05488150580626575,-0.019398627774308473
4.529999999999503,0.05,0.007618047483326809,-0.022405930499162986,0.0544811860998326,-0.019301959731331343
4.539999999999502,0.05,0.01546420050802921,-0.02003904731121372,0.05400780946224275,-0.019135336761214455
4.549999999999501,0.05,0.023054903627835584,-0.017345675377523417,0.05346913507550469,-0.018902576129041414
4.5599999999995,0.05,0.030392237382085265,-0.014362055830048182,0.05287241116600964,-0.018606004166713208
4.5699999999994985,0.05,0.03741856822654802,-0.011125766826511252,0.05222515336530225,-0.018248061152629377
4.579999999999497,0.05,0.04400665558110736,-0.007679990426035444,0.05153599808520709,-0.01783204564269955
4.589999999999496,0.05,0.04989287169480569,-0.0040816865434832456,0.050816337308696655,-0.017363892937499383
4.599999999999495,0.05,0.054832811903752034,-0.00039953039053142094,0.050079906078106286,-0.016852038760374284
4.609999999999494,0.05,0.0585762020018992,0.003286452883995112,0.04934270942320098,-0.016307540610510714
4.619999999999493,0.05,0.060952063906110125,0.006890553572876928,0.048621889285424616,-0.015743441509583275
4.629999999999492,0.05,0.06173319292470171,0.010318218532365623,0.047936356293526876,-0.015175015729939074
4.639999999999491,0.05,0.060808821173930785,0.013473881197463119,0.04730522376050738,-0.014618556639397533
4.64999999999949,0.05,0.05801899253978243,0.016257950656357788,0.04674840986872844,-0.014091798359980943
4.6599999999994886,0.05,0.05331486429628594,0.018574007758853057,0.04628519844822939,-0.013613236087806346
4.6699999999994874,0.05,0.04677004820072472,0.020336260286469853,0.045932747942706034,-0.013200544620733577
4.679999999999486,0.05,0.038556799284421815,0.021475043973841732,0.04570499120523165,-0.01286957791053358
4.689999999999485,0.05,0.028978942150893285,0.021944037609907405,0.04561119247801852,-0.012632832368716693
4.699999999999484,0.05,0.018339983849711944,0.021718784249895214,0.04565624315002096,-0.012499579208012403
4.709999999999483,0.05,0.007029435171641574,0.020800699932504454,0.045839860013499115,-0.0124749036876887
4.719999999999482,0.05,-0.004604380056995774,0.019212882433160855,0.04615742351336783,-0.012560409996992691
4.729999999999481,0.05,-0.01622685099937698,0.016997899093627467,0.04660042018127451,-0.012754426779783418
4.73999999999948,0.05,-0.027502924089842073,0.014216597644660909,0.04715668047106782,-0.013052412122674321
4.749999999999479,0.05,-0.0380660142348734,0.010948934402190351,0.047810213119561934,-0.013446680733000198
4.7599999999994775,0.05,-0.047668667323576795,0.0072853342943302824,0.04854293314113395,-0.013926809405443247
4.769999999999476,0.05,-0.056072492849190164,0.003325470097860663,0.04933490598042787,-0.014480469901088693
4.779999999999475,0.05,-0.06299970657805365,-0.000819853444383554,0.050163970688876715,-0.015092991588254119
4.789999999999474,0.05,-0.06818995466023986,-0.005030484770374139,0.051006096954074834,-0.015747455222741735
4.799999999999473,0.05,-0.07139630978870953,-0.009178348834019672,0.05183566976680394,-0.016424854306315018
4.809999999999472,0.05,-0.07250450982133648,-0.013136233895726563,0.05262724677914531,-0.01710486305774564
4.819999999999471,0.05,-0.07111978586169751,-0.016760205893599372,0.053352041178719875,-0.017763781880079932
4.82999999999947,0.05,-0.06781945781415594,-0.019951409138633826,0.05399028182772677,-0.018381828992528812
4.839999999999469,0.05,-0.06302704706839135,-0.022643636509243392,0.054528727301848684,-0.018945954165932526
4.849999999999468,0.05,-0.05704924003572218,-0.024793986729648096,0.05495879734592962,-0.019447302407521648
4.8599999999994665,0.05,-0.05016271277306317,-0.026379532107361374,0.05527590642147227,-0.019879842246682246
4.869999999999465,0.05,-0.04260211561531961,-0.02739344357660866,0.05547868871532173,-0.02023961405566934
4.879999999999464,0.05,-0.034568906052477325,-0.027841909981350405,0.05556838199627008,-0.020524221092193366
4.889999999999463,0.05,-0.02621863949128273,-0.027740455575721187,0.05554809111514424,-0.020732256656143914
4.899999999999462,0.05,-0.017720334314042616,-0.02711419799686634,0.05542283959937327,-0.02086320935568583
4.909999999999461,0.05,-0.00920174056561595,-0.025994669407413306,0.05519893388148266,-0.020917419851552085
4.91999999999946,0.05,-0.0007445243847224578,-0.02441653534349529,0.05488330706869906,-0.020895733229956352
4.929999999999459,0.05,0.007591308915460387,-0.022416045077310768,0.05448320901546216,-0.02079934237944403
4.939999999999458,0.05,0.015438798941196132,-0.020050117326154332,0.05401002346523087,-0.020632979450770216
4.949999999999457,0.05,0.02303126039007337,-0.017357531218890377,0.053471506243778076,-0.020400459656455178
4.9599999999994555,0.05,0.030371023418361835,-0.014374496554062421,0.05287489931081249,-0.020104106522919767
4.969999999999454,0.05,0.037399902954937884,-0.011138596584750237,0.05222771931695005,-0.019746357761379257
4.979999999999453,0.05,0.043990362450414724,-0.007693036645052782,0.051538607329010555,-0.019330516953852073
4.989999999999452,0.05,0.049878966863230595,-0.004094786425785443,0.05081895728515709,-0.018862517926005143
4.999999999999451,0.05,0.0548211078369317,-0.0004125430343660018,0.0500825086068732,-0.018350799060332247
5.00999999999945,0.05,0.05856696922016903,0.003273676481542057,0.04934526470369159,-0.01780641996428431
5.019999999999449,0.05,0.06091759333088023,0.0068764212846253205,0.04862471574307494,-0.01724270754258596
5.029999999999448,0.05,0.061708529551181605,0.010303428051284733,0.047939314389743054,-0.016674607811639514
5.039999999999447,0.05,0.06079277013966312,0.013459011931808056,0.04730819761363839,-0.016118364942605434
5.049999999999446,0.05,0.05800961799650703,0.016243424810851455,0.04675131503782971,-0.0155917410657734
5.0599999999994445,0.05,0.05331047117521821,0.018560115208624137,0.046287976958275176,-0.01511325619112075
5.069999999999443,0.05,0.04676915016345971,0.02032317989330118,0.04593536402133977,-0.014700603838812248
5.079999999999442,0.05,0.03855808181222103,0.021462861263233553,0.04570742774735329,-0.014369651652052666
5.089999999999441,0.05,0.028981137342825175,0.02193275351820798,0.0456134492963584,-0.014132907414594477
5.09999999999944,0.05,0.018342329648775392,0.021708352026368467,0.04565832959472631,-0.01399964804808574
5.109999999999439,0.05,0.007031358531682627,0.020791039932950697,0.04584179201340986,-0.013974964601205932
5.119999999999438,0.05,-0.004602903240512357,0.01920391848460942,0.04615921630307812,-0.014060460310254527
5.129999999999437,0.05,-0.01622579128744828,0.01698956162385604,0.0466020876752288,-0.014254461563835592
5.139999999999436,0.05,-0.02750204698391436,0.014208836085870678,0.04715823278282587,-0.014552422871803347
5.149999999999435,0.05,-0.03806492771405057,0.010941725848375938,0.04781165483032482,-0.014946655048771539
5.1599999999994335,0.05,-0.04766707834912051,0.007278675586032788,0.048544264882793446,-0.015426731161119416
5.169999999999432,0.05,-0.05607022885013348,0.003319369058772805,0.04933612618824544,-0.015980320843052766
5.179999999999431,0.05,-0.06299659720726218,-0.0008253788328539541,0.050165075766570796,-0.01659275252410191
5.18999999999943,0.05,-0.0681863323213115,-0.005035438425882116,0.05100708768517642,-0.017247108329917236
5.199999999999429,0.05,-0.07139184391637943,-0.00918271376903777,0.05183654275380756,-0.017924385326885076
5.209999999999428,0.05,-0.07249785962844803,-0.013139910385250503,0.052627982077050106,-0.01860425370062036
5.219999999999427,0.05,-0.0711102935181586,-0.016763059331056884,0.05335261186621138,-0.0192630096598823
5.229999999999426,0.05,-0.06780655825230528,-0.019953278013634577,0.053990655602726915,-0.019880868911427083
5.239999999999425,0.05,-0.06301039624675893,-0.022644347903204572,0.05452886958064092,-0.020444776482034945
5.249999999999424,0.05,-0.05702860139657968,-0.024793363746540294,0.05495867274930806,-0.02094587762680304
5.2599999999994225,0.05,-0.050138495593233696,-0.02637743448695847,0.055275486897391694,-0.021378141441833115
5.269999999999421,0.05,-0.042575354384792735,-0.027389804480573005,0.055477960896114606,-0.02173761861284057
5.27999999999942,0.05,-0.034540110828491344,-0.027836698627317854,0.05556733972546357,-0.02202191772436591
5.289999999999419,0.05,-0.026188668861011472,-0.027733696766923714,0.05554673935338474,-0.02222963602399572
5.299999999999418,0.05,-0.017690650130319705,-0.027106006352136027,0.05542120127042721,-0.022360273296605893
5.309999999999417,0.05,-0.009172781674610272,-0.025985179809790784,0.05519703596195816,-0.02241417800121121
5.319999999999416,0.05,-0.0007165711054741277,-0.024405891765771157,0.05488117835315423,-0.02239219900788412
5.329999999999415,0.05,0.007618026581999692,-0.022404396869035687,0.05448087937380714,-0.02229553163458379
5.339999999999414,0.05,0.01546411672423149,-0.020037614769456733,0.05400752295389135,-0.022128909819036188
5.349999999999413,0.05,0.023054772797071785,-0.01734434054654898,0.0534688681093098,-0.021896150646446406
5.3599999999994115,0.05,0.030392062943519482,-0.014360815328420009,0.05287216306568401,-0.02159958040899792
5.36999999999941,0.05,0.0374183633662954,-0.011124616660000631,0.05222492333200013,-0.021241639344522806
5.379999999999409,0.05,0.04400642881671957,-0.007678926317705974,0.051535785263541196,-0.02082562592796048
5.389999999999408,0.05,0.04989263321873021,-0.004080703846679084,0.05081614076933582,-0.02035747537922654
5.399999999999407,0.05,0.05483257130029837,-0.0003986241499933734,0.05007972482999867,-0.01984562333897634
5.409999999999406,0.05,0.05857596870416843,0.0032872879033913585,0.04934254241932173,-0.01930112722958152
5.419999999999405,0.05,0.06095182996583044,0.0068913217822934286,0.04862173564354132,-0.018737030153715084
5.429999999999404,0.05,0.06173298342112569,0.01031892563472009,0.047936214873055986,-0.01816860617319082
5.439999999999403,0.05,0.06080864062657066,0.013474532821710426,0.04730509343565792,-0.01761214862239835
5.4499999999994015,0.05,0.058018851751551706,0.01625855275482522,0.04674828944903496,-0.017085391570976716
5.4599999999994,0.05,0.05331476793771037,0.0185745662037553,0.046285086759248945,-0.016606830162003795
5.469999999999399,0.05,0.04676999816370076,0.02033678070125171,0.045932643859749656,-0.016194139172126157
5.479999999999398,0.05,0.038556793742477544,0.02147553151632821,0.04570489369673436,-0.015863172554893216
5.489999999999397,0.05,0.028978977840214873,0.021944496911571076,0.045611100617685786,-0.015626426772751965
5.499999999999396,0.05,0.018340057602910166,0.02171921945477979,0.04565615610904404,-0.015493173093184445
5.509999999999395,0.05,0.007029546779655801,0.020801114912584635,0.045839777017483076,-0.015468496741309762
5.519999999999394,0.05,-0.004604234394206106,0.019213280580910378,0.046157343883817925,-0.015554001942481264
5.529999999999393,0.05,-0.016226676227103352,0.016998283280409747,0.04660034334391805,-0.015748017395498255
5.539999999999392,0.05,-0.027502723211524943,0.014216970374664116,0.04715660592506718,-0.01604600124729337
5.5499999999993905,0.05,-0.03806578906928617,0.01094929790941756,0.04781014041811649,-0.016440268224465884
5.559999999999389,0.05,-0.047668415624599454,0.007285690813541875,0.048542861837291625,-0.016920395104911758
5.569999999999388,0.05,-0.056072213981385906,0.0033258217638592975,0.04933483564722814,-0.01747405362401011
5.579999999999387,0.05,-0.06299939991909119,-0.0008195045913246806,0.05016390091826494,-0.018086573133215503
5.589999999999386,0.05,-0.06818961744187797,-0.005030136644483827,0.051006027328896766,-0.01874103436278087
5.599999999999385,0.05,-0.07139593831876634,-0.009177999249126056,0.05183559984982521,-0.019418430774032186
5.609999999999384,0.05,-0.07250409995746687,-0.013135880543396948,0.05262717610867939,-0.020098436530472837
5.619999999999383,0.05,-0.07111933587051956,-0.016759846501341737,0.05335196930026835,-0.020757351993946904
5.629999999999382,0.05,-0.06781896671922265,-0.019951041514958964,0.053990208302991796,-0.02137539536270016
5.639999999999381,0.05,-0.06302651427259555,-0.02264325856231097,0.0545286517124622,-0.021939516379068498
5.6499999999993795,0.05,-0.05704866759117494,-0.024793596626614747,0.05495871932532295,-0.022440860056084755
5.659999999999378,0.05,-0.05016210734783037,-0.02637912854669056,0.05527582570933812,-0.022873394946993496
5.669999999999377,0.05,-0.04260148349916939,-0.02739302573122038,0.05547860514624408,-0.02323316148473803
5.679999999999376,0.05,-0.034568251798388364,-0.027841477360418334,0.05556829547208367,-0.02351776297595616
5.689999999999375,0.05,-0.02621796838439507,-0.02774000804941689,0.05554800160988338,-0.023725792764436267
5.699999999999374,0.05,-0.01771965324382992,-0.02711373587406777,0.05542274717481356,-0.02385673951976807
5.709999999999373,0.05,-0.009201054138158995,-0.025994193265573586,0.05519883865311472,-0.02391094395829188
5.719999999999372,0.05,-0.0007438367570544221,-0.024416045983791303,0.054883209196758265,-0.023889251212972223
5.729999999999371,0.05,0.007591993349155679,-0.022415543525482324,0.05448310870509647,-0.023792854211865472
5.73999999999937,0.05,0.015439478038075261,-0.020049604677760218,0.05400992093555205,-0.023626485148595146
5.7499999999993685,0.05,0.023031933264286496,-0.017357008556382576,0.05347140171127652,-0.023393959270449703
5.759999999999367,0.05,0.030371693491561477,-0.014373964678386381,0.052874792935677276,-0.023097600088950017
5.769999999999366,0.05,0.03740057143415362,-0.011138056171352965,0.052227611234270596,-0.022739845290997013
5.779999999999365,0.05,0.04399103409461358,-0.007692488029730412,0.05153849760594609,-0.022323998420636267
5.789999999999364,0.05,0.049879643908550986,-0.004094229783588196,0.050818845956717644,-0.021855993295128308
5.799999999999363,0.05,0.05482179235871281,-0.0004119783996947633,0.050082395679938954,-0.021344268278474327
5.809999999999362,0.05,0.05856765888248722,0.0032742489304412297,0.049345150213911754,-0.020799882972717974
5.819999999999361,0.05,0.06091829034572732,0.006877001518896238,0.04862459969622075,-0.02023616428273326
5.82999999999936,0.05,0.061709230730339834,0.01030401584461111,0.04793919683107778,-0.019668058217759778
5.839999999999359,0.05,0.060793470160980516,0.013459606739383873,0.04730807865212323,-0.019111808978686175
5.8499999999993575,0.05,0.058010311659826896,0.016244025796911275,0.046751194840617745,-0.018585178732133868
5.859999999999356,0.05,0.053311154088428306,0.01856072131513085,0.04628785573697383,-0.018106687532248977
5.869999999999355,0.05,0.046769818103627056,0.020323789864411683,0.04593524202711766,-0.017694028943728013
5.879999999999354,0.05,0.03855873100234736,0.021463473685532544,0.045707305262893495,-0.01736307065293735
5.889999999999353,0.05,0.02898176339355652,0.021933366792283995,0.0456133266415432,-0.017126320495245317
5.899999999999352,0.05,0.01834293014964148,0.02170896450211886,0.04565820709957623,-0.016993055404385407
5.909999999999351,0.05,0.0070319289368257,0.020791649779288133,0.04584167004414237,-0.01696836651003992
5.91999999999935,0.05,-0.0046023638192943216,0.019204523929376893,0.046159095214124625,-0.017053857064393337
5.929999999999349,0.05,-0.016225282050689526,0.016990161055622968,0.04660196778887541,-0.017247853448602447
5.939999999999348,0.05,-0.027501567895165065,0.014209427996199004,0.047158114400760204,-0.01754581015024574
5.9499999999993465,0.05,-0.038064478382038934,0.01094230884755947,0.04781153823048811,-0.01794003798503533
5.959999999999345,0.05,-0.047666655563067685,0.007279248571895651,0.04854415028562087,-0.018420110005102845
5.969999999999344,0.05,-0.05606983083795698,0.0033199311087802703,0.049336013778243946,-0.018973695828017945
5.979999999999343,0.05,-0.06299622220016966,-0.0008248284730286732,0.05016496569460574,-0.019586123874084066
5.989999999999342,0.05,-0.06818597970156247,-0.005034900424811601,0.05100698008496232,-0.02024047626106569
5.999999999999341,0.05,-0.07139151156688117,-0.00918218862119052,0.051836437724238106,-0.020917750049631166
6.009999999999344,0.05,-0.0724975430282241,-0.013139398271631356,0.052627879654326276,-0.021597615401366073
6.019999999999348,0.05,-0.07110998996148621,-0.01676256025224842,0.053352512050449684,-0.022256368503581238
6.029999999999351,0.05,-0.06780626480827423,-0.01995279178700103,0.05399055835740021,-0.02287422504253806
6.039999999999354,0.05,-0.06301011031354245,-0.022643874194910714,0.05452877483898215,-0.023438130005847164
6.049999999999358,0.05,-0.05702832138252484,-0.02479290214413727,0.05495858042882746,-0.02393922862700166
6.059999999999361,0.05,-0.050138222893906355,-0.026376984690998334,0.05527539693819967,-0.02437148999561655
6.069999999999364,0.05,-0.04257509226770706,-0.027389366414542947,0.05547787328290859,-0.024730964826856425
6.079999999999368,0.05,-0.034539860713631604,-0.027836272308236126,0.05556725446164723,-0.025015261714114563
6.089999999999371,0.05,-0.02618843254673774,-0.027733282323142445,0.05554665646462849,-0.025222977909113813
6.099999999999374,0.05,-0.01769043048148429,-0.027105604083038613,0.05542112081660772,-0.025353613215232502
6.109999999999378,0.05,-0.009172579583037835,-0.025984790051788213,0.05519695801035764,-0.025407516104792846
6.119999999999381,0.05,-0.0007163870634316685,-0.024405514865015434,0.05488110297300309,-0.025385535453990693
6.129999999999384,0.05,0.007618192770668695,-0.022404033137784548,0.054480806627556916,-0.025288866589062764
6.139999999999388,0.05,0.015464265164085406,-0.020037264493916934,0.05400745289878339,-0.025122243434256113
6.149999999999391,0.05,0.02305490535149343,-0.017344003878577943,0.05346880077571559,-0.02488948305037301
6.159999999999394,0.05,0.030392179072653056,-0.014360492444125073,0.052872098488825015,-0.024592911727595215
6.169999999999398,0.05,0.03741846533239175,-0.011124307583091759,0.05222486151661836,-0.024234969700791108
6.179999999999401,0.05,0.04400651823944643,-0.007678630969182043,0.05153572619383641,-0.023818955424108938
6.189999999999404,0.05,0.0498927119231311,-0.0040804220384113455,0.050816084407682274,-0.02335080410381725
6.199999999999408,0.05,0.054832641282456004,-0.0003983555808559835,0.0500796711161712,-0.0228389513614162
6.209999999999411,0.05,0.05857603151055222,0.0032875436123581832,0.049342491277528364,-0.022294454601536354
6.219999999999414,0.05,0.060951883951618595,0.0068915648835630875,0.04862168702328738,-0.021730356947820252
6.229999999999418,0.05,0.061733034936074085,0.010319156761846098,0.047936168647630784,-0.021161932404602853
6.239999999999421,0.05,0.0608086910438726,0.013474752654473742,0.047305049469105256,-0.02060547429632803
6.2499999999994245,0.05,0.058018904117073236,0.01625876212088708,0.046748247575822584,-0.020078716676439692
6.259999999999428,0.05,0.05331482385964672,0.018574765979560284,0.046285046804087945,-0.019600154673101347
6.269999999999431,0.05,0.04677005860655112,0.020336971768747762,0.04593260564625045,-0.01918746305627106
6.2799999999994345,0.05,0.03855685894822061,0.02147571471746517,0.04570485705650697,-0.018856495778448112
6.289999999999438,0.05,0.028979047798478937,0.02194467303502868,0.04561106539299427,-0.018619749310369436
6.299999999999441,0.05,0.018340131840552682,0.02171938921037386,0.04565612215792523,-0.01848649493009874
6.3099999999994445,0.05,0.0070296251958155915,0.02080127895946368,0.04583974420810727,-0.01846181785955061
6.319999999999448,0.05,-0.004604152944285801,0.019213439465478842,0.046157312106904234,-0.018547322336606588
6.329999999999451,0.05,-0.016226592884758417,0.01699843744358832,0.04660031251128234,-0.01874133707408953
6.3399999999994545,0.05,-0.027502639071801185,0.014217120161375605,0.04715657596772488,-0.01903932023335337
6.349999999999458,0.05,-0.03806570516103514,0.01094944357872391,0.04781011128425522,-0.019433586550348735
6.359999999999461,0.05,-0.047668331552940896,0.007285832632993713,0.048542833473401256,-0.019913712802145947
6.3699999999994645,0.05,-0.05607212983827044,0.0033259599785384637,0.04933480800429231,-0.020467370719564053
6.379999999999468,0.05,-0.06299931583004123,-0.0008193697594990647,0.050163873951899814,-0.021079889651805434
6.389999999999471,0.05,-0.06818953250363632,-0.005030004931008962,0.0510060009862018,-0.021734350322369395
6.3999999999994746,0.05,-0.0713958520755013,-0.00917787037754103,0.051835574075508206,-0.02241174617991431
6.409999999999478,0.05,-0.07250401291878829,-0.013135754286370224,0.05262715085727405,-0.02309175137971744
6.419999999999481,0.05,-0.07111924840129476,-0.01675972266855414,0.05335194453371083,-0.023750666279121188
6.429999999999485,0.05,-0.0678188791540109,-0.01995091994889619,0.05399018398977924,-0.024368709073981823
6.439999999999488,0.05,-0.0630264268218919,-0.022643139128459264,0.05452862782569186,-0.024932829504705073
6.449999999999491,0.05,-0.05704858090474993,-0.024793479239478104,0.054958695847895624,-0.02543417258432268
6.459999999999495,0.05,-0.050162022126033795,-0.026379013169888332,0.05527580263397767,-0.025866706869461534
6.469999999999498,0.05,-0.04260139956610909,-0.02739291231965245,0.05547858246393049,-0.02622647279207884
6.479999999999501,0.05,-0.03456816917633977,-0.027841365873195547,0.05556827317463911,-0.026511073660039318
6.489999999999505,0.05,-0.02621788669052571,-0.02773989842427865,0.05554797968485573,-0.026719102818517394
6.499999999999508,0.05,-0.01771957149352813,-0.027113627991106545,0.05542272559822131,-0.02685004893145957
6.509999999999511,0.05,-0.009200972323941958,-0.025994087011908407,0.05519881740238168,-0.026904252712817232
6.519999999999515,0.05,-0.0007437550289201133,-0.024415941262971145,0.05488318825259423,-0.026882559297004845
6.529999999999518,0.05,0.007592074747346567,-0.022415440262325663,0.054483088052465135,-0.026786161614410685
6.539999999999521,0.05,0.01543955913875299,-0.020049502799757507,0.0540099005599515,-0.026619791861009705
6.549999999999525,0.05,0.023032014792854577,-0.01735690795021841,0.053471381590043686,-0.026387265284066576
6.559999999999528,0.05,0.030371777119003997,-0.014373865133391074,0.052874773026678215,-0.026090905386888498
6.569999999999531,0.05,0.03740065788174615,-0.011137957444943985,0.0522275914889888,-0.02573314984658582
6.579999999999535,0.05,0.04399112416841043,-0.007692389844108255,0.051538477968821654,-0.025317302204990857
6.589999999999538,0.05,0.04987973829703444,-0.0040941318352857095,0.050818826367057146,-0.02484929627287491
6.599999999999541,0.05,0.05482189140218666,-0.0004118803829425339,0.05008237607658851,-0.024337570412028435
6.609999999999545,0.05,0.05856776278668682,0.003274347315160455,0.04934513053696791,-0.023793184224068703
6.619999999999548,0.05,0.06091839864368826,0.006877100523194571,0.04862457989536109,-0.023229464615516858
6.629999999999551,0.05,0.061709342711799925,0.010304115659983478,0.04793917686800331,-0.022661357600582403
6.639999999999555,0.05,0.06079358487346896,0.013459707485827309,0.04730805850283454,-0.0221051073825992
6.649999999999558,0.05,0.0580104273553808,0.01624412747767527,0.04675117450446495,-0.02157847613741972
6.659999999999561,0.05,0.053311269257086305,0.018560823838889184,0.046287835232222165,-0.02109998393199726
6.669999999999565,0.05,0.04676993131806459,0.0203238930563382,0.045935221388732364,-0.020687324342935173
6.679999999999568,0.05,0.038558840885775,0.021463577295678358,0.045707284540864326,-0.02035636506742195
6.689999999999571,0.05,0.02898186833879022,0.021933470485872995,0.045613305902825405,-0.020119613955331753
6.699999999999575,0.05,0.018343029419152324,0.021709067919202883,0.04565818641615942,-0.01998634794344549
6.709999999999578,0.05,0.0070320215734629675,0.02079175252259385,0.04584164949548123,-0.01996165817718675
6.719999999999581,0.05,-0.0046022776109799594,0.01920462563924499,0.046159074872151006,-0.020047147907410662
6.729999999999585,0.05,-0.016225201758089704,0.016990261426910878,0.04660194771461783,-0.02024114350941081
6.739999999999588,0.05,-0.027501492918315596,0.014209526780333354,0.047158094643933335,-0.020539099461196836
6.749999999999591,0.05,-0.03806440787840153,0.010942405864161401,0.04781151882716772,-0.02093332657251569
6.759999999999595,0.05,-0.047666588311754576,0.007279343728165506,0.0485441312543669,-0.021413397886998795
6.769999999999598,0.05,-0.0560697660191526,0.0033200243689568846,0.04933599512620863,-0.021966983015144922
6.7799999999996015,0.05,-0.06299615900477802,-0.0008247370919028446,0.05016494741838057,-0.0225794103727322
6.789999999999605,0.05,-0.06818591813092285,-0.005034810906842914,0.05100696218136858,-0.023233762075786535
6.799999999999608,0.05,-0.07139145061699065,-0.009182100888728447,0.051836420177745694,-0.02391103518622953
6.8099999999996115,0.05,-0.07249748006705918,-0.013139312087375357,0.05262786241747507,-0.024590899854561983
6.819999999999615,0.05,-0.07110992348987175,-0.016762475300032515,0.053352495060006506,-0.02524965225749106
6.829999999999618,0.05,-0.06780619347555326,-0.01995270768600356,0.05399054153720072,-0.025867508072938243
6.8399999999996215,0.05,-0.06301003312653745,-0.02264379052603777,0.054528758105207555,-0.026431412274171943
6.849999999999625,0.05,-0.057028237787138315,-0.024792818479857225,0.05495856369597145,-0.026932510088845125
6.859999999999628,0.05,-0.05013813383178055,-0.026376900689352927,0.05527538013787059,-0.02736477060761449
6.8699999999996315,0.05,-0.042574999797589316,-0.027389281883618017,0.0554778563767236,-0.027724244565510585
6.879999999999635,0.05,-0.03453976593833926,-0.027836187137038233,0.05556723742740765,-0.02800854056510247
6.889999999999638,0.05,-0.026188337150773275,-0.02773319651289664,0.05554663930257933,-0.028216255865147803
6.8999999999996415,0.05,-0.01769033718539406,-0.027105517804927533,0.05542110356098551,-0.028346890288834324
6.909999999999645,0.05,-0.009172489394225897,-0.02598470352925833,0.05519694070585167,-0.028400792323271994
6.919999999999648,0.05,-0.0007163006786591528,-0.024405428351095385,0.05488108567021908,-0.02837881085294334
6.9299999999996515,0.05,0.007618274868745569,-0.0224039468998547,0.054480789379970945,-0.028282141210973076
6.939999999999655,0.05,0.015464342599181797,-0.020037178806164176,0.05400743576123284,-0.028115517323474247
6.949999999999658,0.05,0.023054977812500793,-0.017343919017496774,0.053468783803499356,-0.027882756250935455
6.959999999999662,0.05,0.030392245564687028,-0.014360408731109352,0.05287208174622187,-0.027586184287652075
6.969999999999665,0.05,0.03741852599854858,-0.011124225310504717,0.05222484506210095,-0.02722824167191961
6.979999999999668,0.05,0.04400657356018422,-0.00767855038108558,0.051535710076217114,-0.02681222684844941
6.989999999999672,0.05,0.04989276213939273,-0.004080343348554559,0.05081606866971092,-0.02634407502386308
6.999999999999675,0.05,0.05483268693551256,-0.0003982789557992108,0.05007965579115985,-0.025832221813592543
7.009999999999678,0.05,0.058576072485069304,0.0032876180092562255,0.04934247639814876,-0.025287724617121123
7.019999999999682,0.05,0.06095192022874782,0.006891636897975579,0.048621672620404885,-0.024723626564869643
7.029999999999685,0.05,0.061733068629812815,0.01031922638121648,0.04793615472375671,-0.02415520163832041
7.039999999999688,0.05,0.06080872252579725,0.013474819890253766,0.04730503602194925,-0.023598743161382697
7.049999999999692,0.05,0.0580189348742309,0.016258827076753208,0.04674823458464936,-0.023071985181095003
7.059999999999695,0.05,0.05331485486807726,0.018574828813711686,0.04628503423725767,-0.022593422818163858
7.069999999999698,0.05,0.046770090611538154,0.02033703267607639,0.045932593464784725,-0.02218073083835438
7.079999999999702,0.05,0.038556892533875856,0.021475773917189214,0.04570484521656216,-0.021849763192254255
7.089999999999705,0.05,0.028979083597009417,0.021944730772178123,0.04561105384556438,-0.021613016349174306
7.099999999999708,0.05,0.018340169903221515,0.021719445717868265,0.045656110856426346,-0.02147976159008018
7.109999999999712,0.05,0.007029665538665365,0.020801334456667795,0.045839733108666444,-0.021455084136030235
7.119999999999715,0.05,-0.004604111012387533,0.01921349411485134,0.046157301177029736,-0.021540588232676322
7.129999999999718,0.05,-0.016226550021789313,0.016998491356310607,0.04660030172873788,-0.02173460260093789
7.139999999999722,0.05,-0.027502596127283525,0.014217173388585103,0.04715656532228298,-0.022032585410991838
7.149999999999725,0.05,-0.03806566311922337,0.01094949610684605,0.04781010077863079,-0.02242685140697679
7.159999999999728,0.05,-0.04766829091975173,0.0072858844176825425,0.04854282311646349,-0.02290697737136147
7.169999999999732,0.05,-0.0560720910885904,0.0033260109485392436,0.04933479781029215,-0.023460635037590362
7.179999999999735,0.05,-0.0629992794211805,-0.0008193196995695375,0.050163863939913914,-0.02407315375674214
7.189999999999738,0.05,-0.06818949806734811,-0.005029955847557017,0.051005991169511405,-0.02472761425052071
7.199999999999742,0.05,-0.0713958200262978,-0.009177822358729614,0.05183556447174593,-0.025405009961927294
7.209999999999745,0.05,-0.07250398497978311,-0.013135707522546697,0.05262714150450934,-0.026085015049543442
7.219999999999748,0.05,-0.071119225588292,-0.016759677401656913,0.05335193548033139,-0.026743929875726553
7.229999999999752,0.05,-0.06781886230896907,-0.019950876458364922,0.053990175291672986,-0.027361972639827405
7.239999999999755,0.05,-0.06302641651848678,-0.022643097712123382,0.054528619542424675,-0.027926093088507666
7.249999999999758,0.05,-0.05704857764565504,-0.024793440207969784,0.054958688041593956,-0.028427436235440008
7.259999999999762,0.05,-0.05016202554071742,-0.02637897679126701,0.0552757953582534,-0.02885997063818497
7.269999999999765,0.05,-0.04260140832328495,-0.027392878762018447,0.05547857575240369,-0.029219736716937512
7.279999999999768,0.05,-0.03456818254066975,-0.027841335248184294,0.05556826704963686,-0.029504337773079724
7.289999999999772,0.05,-0.026217903366336833,-0.027739870755568795,0.05554797415111376,-0.029712367146462394
7.299999999999775,0.05,-0.017719589260610603,-0.027113603162133713,0.055422720632426745,-0.029843313484816843
7.3099999999997785,0.05,-0.00920099045405143,-0.025994064867878218,0.055198812973575644,-0.029897517490523433
7.319999999999782,0.05,-0.0007437730482507,-0.024415921629151002,0.054883184325830205,-0.02987582429219702
7.329999999999785,0.05,0.007592057216581272,-0.02241542295129211,0.05448308459025843,-0.029779426816335768
7.3399999999997885,0.05,0.015439542445739328,-0.020049487613976902,0.054009897522795385,-0.0296130572556274
7.349999999999792,0.05,0.023031999743182888,-0.017356894654153573,0.05347137893083072,-0.029380530853310834
7.359999999999795,0.05,0.03037176496831476,-0.014373853427748367,0.052874770685549674,-0.029084171106405314
7.3699999999997985,0.05,0.03740064910467395,-0.011137947019470958,0.052227589403894194,-0.02872641568570832
7.379999999999802,0.05,0.04399111881953326,-0.0076923804045321165,0.05153847608090643,-0.02831056813744231
7.389999999999805,0.05,0.0498797366762177,-0.004094123086984126,0.05081882461739683,-0.02784256226768985
7.3999999999998085,0.05,0.05482189346530917,-0.00041187205246464263,0.05008237441049293,-0.027330836439687943
7.409999999999812,0.05,0.05856776899378903,0.003274355512927366,0.04934512889741453,-0.026786450256366202
7.419999999999815,0.05,0.060918408105343984,0.006877108799954533,0.0486245782400091,-0.026222730626683392
7.4299999999998185,0.05,0.061709355059262,0.010304124191162323,0.04793917516176754,-0.02565462357158909
7.439999999999822,0.05,0.06079359976892604,0.013459716414773544,0.04730805671704529,-0.025098373292810117
7.449999999999825,0.05,0.058010443515315424,0.016244136858558283,0.046751172628288346,-0.02457174197182286
7.4599999999998285,0.05,0.05331128565743881,0.01856083365848904,0.04628783326830219,-0.02409324968340601
7.469999999999832,0.05,0.0467699470492553,0.020323903245412483,0.0459352193509175,-0.02368059001024401
7.479999999999835,0.05,0.03855885506814685,0.02146358773433374,0.045707282453133255,-0.023349630654221888
7.489999999999839,0.05,0.02898187994123744,0.021933480997265366,0.04561330380054693,-0.023112879472161466
7.499999999999842,0.05,0.018343038092076682,0.021709078315691004,0.0456581843368618,-0.022979613401138917
7.509999999999845,0.05,0.00703202701772359,0.020791762609567752,0.04584164747808645,-0.022954923591122146
7.519999999999849,0.05,-0.004602274923389325,0.019204635263757437,0.04615907294724851,-0.023040413287883033
7.529999999999852,0.05,-0.016225201294220053,0.01699027047888315,0.04660194590422337,-0.023234408860306442
7.539999999999855,0.05,-0.02750149393836681,0.014209535202804158,0.04715809295943917,-0.023532364778325272
7.549999999999859,0.05,-0.03806440943924851,0.010942413662674844,0.047811517267465034,-0.02392659184427611
7.559999999999862,0.05,-0.047666589529205126,0.007279350963181198,0.048544129807363764,-0.024406663094284624
7.569999999999865,0.05,-0.05606976624384313,0.0033200311377409386,0.04933599377245181,-0.0249602481335778
7.579999999999869,0.05,-0.06299615761304227,-0.0008247306591843096,0.05016494613183686,-0.02557267537450597
7.589999999999872,0.05,-0.06818591528380817,-0.005034804698224619,0.05100696093964493,-0.026227026932889592
7.599999999999875,0.05,-0.07139144556810634,-0.009182094752593524,0.05183641895051871,-0.026904299873818614
7.609999999999879,0.05,-0.0724974705735504,-0.013139305741404567,0.05262786114828091,-0.027584164339796068
7.619999999999882,0.05,-0.0711099082900821,-0.016762468400698047,0.05335249368013961,-0.028242916499362912
7.629999999999885,0.05,-0.0678061714807282,-0.01995269984320093,0.053990539968640186,-0.028860772024408225
7.639999999999889,0.05,-0.06301000358212072,-0.02264378132688426,0.05452875626537686,-0.02942467587808447
7.649999999999892,0.05,-0.05702820024340178,-0.024792807509167278,0.05495856150183346,-0.02992577328451635
7.659999999999895,0.05,-0.05013808903762389,-0.026376887604696312,0.055275377520939264,-0.030358033336000366
7.669999999999899,0.05,-0.04257494950494199,-0.027389266473461984,0.0554778532946924,-0.030717506784838748
7.679999999999902,0.05,-0.03453971111002911,-0.02783616926324757,0.055567233852649514,-0.03100180224194459
7.689999999999905,0.05,-0.02618827936034243,-0.027733176144315967,0.055546635228863196,-0.031209516972750588
7.699999999999909,0.05,-0.017690279027774744,-0.027105495074531943,0.05542109901490639,-0.03134015081948994
7.709999999999912,0.05,-0.009172431814992906,-0.025984678620810404,0.05519693572416208,-0.03139405228338652
7.719999999999915,0.05,-0.0007162443349924491,-0.024405401477946287,0.05488108029558926,-0.031372070256741456
7.729999999999919,0.05,0.007618329450261759,-0.022403918294932657,0.05448078365898654,-0.03127540007857362
7.739999999999922,0.05,0.01546439500101019,-0.02003714871393549,0.0540074297427871,-0.03110877567891166
7.749999999999925,0.05,0.023055027351382058,-0.017343887709852297,0.053468777541970464,-0.030876014121761018
7.759999999999929,0.05,0.030392291130499967,-0.014360376532329347,0.05287207530646587,-0.030579441706755507
7.769999999999932,0.05,0.037418567340288804,-0.0111241925402897,0.05222483850805794,-0.030221498677050394
7.779999999999935,0.05,0.0440066109093609,-0.007678517324685458,0.05153570346493709,-0.029805483470331913
7.789999999999939,0.05,0.04989279542837219,-0.004080310277618229,0.05081606205552365,-0.02933733129628003
7.799999999999942,0.05,0.05483271642432344,-0.00039824610874572173,0.050079649221749144,-0.028825477766845013
7.809999999999945,0.05,0.058576097773744534,0.003287650383911073,0.04934246992321779,-0.02828098027873465
7.819999999999949,0.05,0.060951941695397166,0.006891668590880083,0.04862166628182399,-0.027716881965465047
7.829999999999952,0.05,0.06173308750720589,0.010319257273151519,0.0479361485453697,-0.027148456793258745
7.8399999999999554,0.05,0.06080873905415802,0.013474849884465413,0.04730503002310692,-0.026591998087123585
7.849999999999959,0.05,0.05801895031496418,0.01625885616137246,0.04674822876772551,-0.026065239889035745
7.859999999999962,0.05,0.053314870139680615,0.018574857035017444,0.04628502859299651,-0.02558667731301155
7.8699999999999655,0.05,0.04677010647698328,0.02033706012514086,0.04593258797497183,-0.025173985120452116
7.879999999999969,0.05,0.038556909691457815,0.021475800723036027,0.045704839855392795,-0.024843017259261642
7.889999999999972,0.05,0.02897910285276411,0.02194475710614418,0.045611048578771164,-0.024606270194859073
7.8999999999999755,0.05,0.018340191441795804,0.021719471752122334,0.045656105649575535,-0.02447301520946068
7.909999999999979,0.05,0.007029689455679304,0.020801360358594357,0.04583972792828113,-0.024448337522670137
7.919999999999982,0.05,-0.004604085308083464,0.019213520004426495,0.0461572959991147,-0.024533841386754754
7.9299999999999855,0.05,-0.01622652310939528,0.01699851730981194,0.046600296538037614,-0.024727855529694746
7.939999999999989,0.05,-0.02750256881109264,0.014217199427254534,0.04715656011454909,-0.02502583812974119
7.949999999999992,0.05,-0.03806563638014845,0.010949522189290824,0.04781009556214184,-0.025420103938990725
7.9599999999999955,0.05,-0.047668265476849395,0.007285910460155913,0.04854281790796882,-0.025900229746679472
7.969999999999999,0.05,-0.05607206751418154,0.0033260368367585827,0.04933479263264828,-0.026453887290468846
7.980000000000002,0.05,-0.06299925826105286,-0.0008192941068559303,0.050163858821371185,-0.027066405924244426
7.9900000000000055,0.05,-0.06818947907066718,-0.005029930667095452,0.05100598613341909,-0.0277208663690107
8.000000000000009,0.05,-0.07139580380504576,-0.009177797738218644,0.05183555954764373,-0.028398262063605052
8.010000000000012,0.05,-0.0725039735410414,-0.013135683725896307,0.052627136745179263,-0.029078267172440185
8.020000000000016,0.05,-0.07111922010453807,-0.01675965474956255,0.053351930949912516,-0.029737182064989286
8.030000000000019,0.05,-0.0678188637487402,-0.019950855312012152,0.053990171062402434,-0.03035522494545937
8.040000000000022,0.05,-0.06302642554678575,-0.022643078451686345,0.054528615690337276,-0.030919345568731126
8.050000000000026,0.05,-0.05704859474695499,-0.02479342322014131,0.05495868464402827,-0.03142068894938913
8.060000000000029,0.05,-0.05016205012114781,-0.026378962401454712,0.05527579248029094,-0.03185322364555299
8.070000000000032,0.05,-0.04260143879585494,-0.027392867176105045,0.055478573435221015,-0.03221299006333673
8.080000000000036,0.05,-0.034568218008284704,-0.027841326603116414,0.055568265320623283,-0.032497591496058235
8.090000000000039,0.05,-0.02621794234321971,-0.027739865086872838,0.05554797301737457,-0.03270562127689972
8.100000000000042,0.05,-0.017719629271872282,-0.02711360034843511,0.05542272006968703,-0.03283656803522774
8.110000000000046,0.05,-0.009201030627067305,-0.02599406474084927,0.055198812948169855,-0.03289077246000321
8.120000000000049,0.05,-0.000743812786907716,-0.02441592399372743,0.05488318479874549,-0.032869079672606945
8.130000000000052,0.05,0.007592018402910651,-0.022415427593936922,0.05448308551878739,-0.03277268259436863
8.140000000000056,0.05,0.015439504961987356,-0.020049494309190913,0.054009898861838185,-0.03260631341383586
8.150000000000059,0.05,0.02303196437778932,-0.017356903141253807,0.05347138062825076,-0.03237378736985274
8.160000000000062,0.05,0.03037173289792437,-0.014373863388804236,0.05287477267776085,-0.03207742795359219
8.170000000000066,0.05,0.037400620719089006,-0.011137958132059894,0.05222759162641198,-0.031719672830295594
8.180000000000069,0.05,0.04399109401142773,-0.007692392373090839,0.05153847847461817,-0.03130382555206165
8.190000000000072,0.05,0.04987971564297546,-0.0040941356220855684,0.05081882712441711,-0.03083581992090028
8.200000000000076,0.05,0.05482187606218619,-0.0004118848918174306,0.050082376978363485,-0.030324094302461087
8.210000000000079,0.05,0.05856775569530511,0.0032743426448788825,0.04934513147102423,-0.029779708301584794
8.220000000000082,0.05,0.060918397924381695,0.006877096099848936,0.048624580780030215,-0.02921598883003825
8.230000000000086,0.05,0.06170934766594559,0.01030411182273105,0.04793917763545379,-0.028647881915982894
8.240000000000089,0.05,0.06079359491062396,0.013459704515725344,0.04730805909685493,-0.02809163175891901
8.250000000000092,0.05,0.058010439951220315,0.01624412548044465,0.04675117490391107,-0.02756500054558917
8.260000000000096,0.05,0.05331128243422945,0.018560822790056927,0.04628783544198862,-0.02708650835789502
8.270000000000099,0.05,0.04676994334437948,0.02032389282470264,0.04593522143505947,-0.026673848783601163
8.280000000000102,0.05,0.0385588500970741,0.021463577654226212,0.04570728446915476,-0.026342889528141823
8.290000000000106,0.05,0.028981872788206374,0.02193347110010012,0.045613305779979976,-0.0261061384536911
8.300000000000109,0.05,0.018343028490249373,0.021709068436984377,0.04565818631260313,-0.025972872496938804
8.310000000000112,0.05,0.00703201479361989,0.02079175258427381,0.04584164948314524,-0.025948182810332517
8.320000000000116,0.05,-0.004602289234071142,0.019204624970626753,0.04615907500587465,-0.026033672633703694
8.330000000000119,0.05,-0.016225217143114055,0.01699025983851726,0.04660194803229655,-0.02622766832926949
8.340000000000122,0.05,-0.02750151054977494,0.014209524189248127,0.047158095162150374,-0.02652562435902505
8.350000000000126,0.05,-0.03806442584401645,0.010942402312168068,0.04781151953756639,-0.026919851517551587
8.360000000000129,0.05,-0.04766660492016335,0.007279339360146207,0.04854413212797076,-0.027399922833735678
8.370000000000132,0.05,-0.05606978000852244,0.0033200193996031774,0.04933599612007937,-0.027953507907990345
8.380000000000136,0.05,-0.06299616916710696,-0.0008247423858175036,0.050164948477163504,-0.028565935149519626
8.39000000000014,0.05,-0.06818592483347051,-0.005034816288797135,0.05100696325775943,-0.029220286674350053
8.400000000000142,0.05,-0.07139145243092256,-0.009182106047681271,0.05183642120953626,-0.02989755955129931
8.410000000000146,0.05,-0.07249747259120054,-0.013139316456652464,0.0526278632913305,-0.030577423915669373
8.42000000000015,0.05,-0.07110990425058988,-0.016762478193774688,0.05335249563875494,-0.031236175928438963
8.430000000000152,0.05,-0.0678061603468695,-0.019952708328344112,0.05399054166566883,-0.03185403125598874
8.440000000000156,0.05,-0.06300998464417269,-0.02264378809808424,0.054528757619616855,-0.03241793485223638
8.45000000000016,0.05,-0.05702817306200642,-0.024792812158330048,0.05495856243166601,-0.03291903193820988
8.460000000000163,0.05,-0.0501380543078122,-0.026376889792673178,0.05527537795853464,-0.03335129160788356
8.470000000000166,0.05,-0.042574908910652666,-0.027389265987547214,0.05547785319750945,-0.03371076463024395
8.48000000000017,0.05,-0.034539665579077464,-0.027836165962017993,0.0555672331924036,-0.03399505962429845
8.490000000000173,0.05,-0.026188230438838694,-0.027733169991819254,0.055546633998363855,-0.03420277386199808
8.500000000000176,0.05,-0.01769022928332712,-0.0271054861975383,0.055421097239507666,-0.03433340720441717
8.51000000000018,0.05,-0.009172382173852653,-0.025984667196057597,0.05519693343921152,-0.034387308166690826
8.520000000000183,0.05,-0.0007161954388461853,-0.02440538771123139,0.05488107754224628,-0.034365325648758514
8.530000000000186,0.05,0.007618377075062483,-0.022403902412087395,0.05448078048241748,-0.0342686549952553
8.54000000000019,0.05,0.015464440932526743,-0.02003713095304827,0.05400742619060966,-0.03410203014043881
8.550000000000193,0.05,0.02305507083022368,-0.01734386834159293,0.05346877366831859,-0.03386926815252576
8.560000000000196,0.05,0.03039233100675692,-0.01436035588232013,0.05287207117646403,-0.03357269533680677
8.5700000000002,0.05,0.037418603279513026,-0.011124170934704546,0.05222483418694091,-0.033214751941687264
8.580000000000203,0.05,0.044006643082567035,-0.007678495058623993,0.0515356990117248,-0.032798736398361235
8.590000000000206,0.05,0.04989282369977006,-0.004080287636223238,0.05081605752724465,-0.032330583920162546
8.60000000000021,0.05,0.05483274099421533,-0.00039822334681967504,0.05007964466936394,-0.031818730116106565
8.610000000000213,0.05,0.05857611818707743,0.003287672999050048,0.049342465400189994,-0.03127423238060085
8.620000000000216,0.05,0.06095195842752084,0.006891690838330601,0.04862166183233388,-0.03071013384934742
8.63000000000022,0.05,0.06173310160494366,0.01031927901124499,0.047936144197751,-0.03014170847496287
8.640000000000223,0.05,0.06080875074549957,0.013474870994636888,0.047305025801072625,-0.029585249583845404
8.650000000000226,0.05,0.05801896083630986,0.01625887660974232,0.046748224678051536,-0.0290584912130488
8.66000000000023,0.05,0.053314880416164945,0.01857487684764446,0.046285024630471114,-0.028579928469884573
8.670000000000233,0.05,0.046770117292524886,0.020337079375450037,0.04593258412491,-0.028167236111192616
8.680000000000236,0.05,0.03855692178330766,0.021475819525941495,0.0457048360948117,-0.027836268081887418
8.69000000000024,0.05,0.02897911707967973,0.02194477562305028,0.045611044875389944,-0.02759952084282357
8.700000000000243,0.05,0.018340208024724868,0.02171949014815487,0.045656101970369026,-0.02746626567708752
8.710000000000246,0.05,0.0070297085198696395,0.020801378796386757,0.04583972424072265,-0.02744158780248023
8.72000000000025,0.05,-0.0046040643329495045,0.019213538600802743,0.04615729227983945,-0.027527091477630168
8.730000000000253,0.05,-0.01622650079097488,0.016998536138815946,0.04660029277223681,-0.027721105437416092
8.740000000000256,0.05,-0.027502545948324512,0.014217218508368797,0.04715655629832624,-0.028019087868108493
8.75000000000026,0.05,-0.03806561395909745,0.010949541479151134,0.04781009170416978,-0.028413353529752404
8.760000000000263,0.05,-0.047668244270245054,0.007285929869812725,0.048542814026037454,-0.02889347921869146
8.770000000000266,0.05,-0.05607204812141911,0.0033260562453594966,0.0493347887509281,-0.029447136677184314
8.78000000000027,0.05,-0.06299924125355812,-0.0008192748483241514,0.05016385496966483,-0.030059655262153255
8.790000000000273,0.05,-0.06818946422241604,-0.005029911684206212,0.05100598233684124,-0.030714115694148204
8.800000000000276,0.05,-0.07139579177746398,-0.009177779190036121,0.051835555838007225,-0.03139151140814852
8.81000000000028,0.05,-0.07250396642087574,-0.013135665891964837,0.052627133178392974,-0.032071516575006946
8.820000000000283,0.05,-0.0711192191094157,-0.01675963796805665,0.053351927593611334,-0.03273043157183674
8.830000000000286,0.05,-0.06781886988436427,-0.019950839962826875,0.053990167992565376,-0.033348474608052396
8.84000000000029,0.05,-0.06302643950504198,-0.022643064934216164,0.054528612986843236,-0.03391259544727921
8.850000000000293,0.05,-0.05704861701359919,-0.024793411939178275,0.05495868238783566,-0.03441393910510238
8.860000000000296,0.05,-0.05016208004919018,-0.026378953696054516,0.055275790739210906,-0.03484647414014467
8.8700000000003,0.05,-0.04260147472893623,-0.02739286126060994,0.055478572252121994,-0.0352062409438234
8.880000000000303,0.05,-0.034568259006896515,-0.027841323619752993,0.0555682647239506,-0.03549084280099223
8.890000000000306,0.05,-0.026217986869697424,-0.027739865072874487,0.0555479730145749,-0.035698873037830696
8.90000000000031,0.05,-0.01771967477900086,-0.02711360317950719,0.05542272063590144,-0.03582982026475189
8.910000000000313,0.05,-0.009201076205223356,-0.025994070243614102,0.05519881404872282,-0.035884025156808864
8.920000000000316,0.05,-0.0007438578099670905,-0.02441593196651067,0.054883186393302134,-0.035862332827793796
8.93000000000032,0.05,0.007591974451233119,-0.022415437815401056,0.054483087563080214,-0.03576593619355086
8.940000000000323,0.05,0.015439462500189207,-0.020049506545675923,0.05400990130913519,-0.035599567438323994
8.950000000000326,0.05,0.023031924189837932,-0.017356917124705464,0.053471383424941094,-0.035367041796529906
8.96000000000033,0.05,0.030371696151706495,-0.014373878794928782,0.05287477575898576,-0.03507068275356146
8.970000000000333,0.05,0.03740058778266115,-0.011137974633828398,0.05222759492676568,-0.03471292796924035
8.980000000000336,0.05,0.04399106473976439,-0.00769240967297777,0.05153848193459556,-0.03429708100192829
8.99000000000034,0.05,0.04987969020847305,-0.004094153430385967,0.0508188306860772,-0.03382907564971025
9.000000000000343,0.05,0.054821854293447284,-0.00041190294764523617,0.050082380589529046,-0.033317350280911186
9.010000000000346,0.05,0.05856773806724156,0.003274324615786343,0.04934513507684273,-0.032772964502465494
9.02000000000035,0.05,0.060918383420056246,0.00687707829105434,0.04862458434178914,-0.03220924522908098
9.030000000000353,0.05,0.06170933595708083,0.010304094395182069,0.04793918112096359,-0.031641138496299646
9.040000000000356,0.05,0.06079358575574239,0.013459687605218077,0.047308062478956386,-0.03108488850127452
9.05000000000036,0.05,0.05801043210278759,0.016244109136317044,0.04675117817273659,-0.03055825743602652
9.060000000000363,0.05,0.05331127494377923,0.018560806999284155,0.04628783860014317,-0.030079765389522208
9.070000000000366,0.05,0.046769935400137706,0.020323877524338053,0.04593522449513239,-0.029667105954450733
9.08000000000037,0.05,0.03855884092929315,0.021463562737148105,0.04570728745257038,-0.029336146839584597
9.090000000000373,0.05,0.02898186150017617,0.021933456409837505,0.0456133087180325,-0.029099395912127297
9.100000000000376,0.05,0.018343014831988125,0.02170905381122185,0.04565818923775563,-0.02896613010821209
9.11000000000038,0.05,0.007031998616548062,0.02079173786155445,0.04584165242768911,-0.028941440582367105
9.120000000000383,0.05,-0.004602307375598568,0.01920461003423189,0.04615907799315362,-0.029026930568244798
9.130000000000386,0.05,-0.016225236692084047,0.01699024461383645,0.04660195107723271,-0.029220926421271977
9.14000000000039,0.05,-0.027501530716642984,0.014209508655680613,0.04715809826886388,-0.029518882595458977
9.150000000000393,0.05,-0.0380644456470699,0.010942386511757683,0.04781152269764846,-0.029913109877499906
9.160000000000396,0.05,-0.04766662356579973,0.007279323381909198,0.04854413532361816,-0.030393181289068337
9.1700000000004,0.05,-0.05606979688900425,0.0033200033649758674,0.04933599932700483,-0.03094676642585078
9.180000000000403,0.05,-0.0629961837033556,-0.0008247583267961467,0.05016495166535923,-0.03155919369395683
9.190000000000406,0.05,-0.06818593724489512,-0.005034832009178651,0.05100696640183573,-0.03221354520972652
9.20000000000041,0.05,-0.0713914620467939,-0.009182121386530902,0.051836424277306184,-0.03289081804587845
9.210000000000413,0.05,-0.07249747725941187,-0.0131393311285872,0.05262786622571744,-0.03357068233067199
9.220000000000416,0.05,-0.07110990276275118,-0.016762491855723583,0.05335249837114472,-0.034229434217627315
9.23000000000042,0.05,-0.06780615167046,-0.019952720594145608,0.05399054411882913,-0.0348472893677066
9.240000000000423,0.05,-0.06300996807449338,-0.022643798561668187,0.05452875971233364,-0.03541119272573482
9.250000000000426,0.05,-0.05702814815758538,-0.024792820411413685,0.05495856408228274,-0.03591228950971349
9.26000000000043,0.05,-0.05013802175361552,-0.026376895495301797,0.055275379099060364,-0.03634454881529992
9.270000000000433,0.05,-0.042574870384968336,-0.027389268925906273,0.05547785378518126,-0.03670402142812714
9.280000000000436,0.05,-0.03453962200663373,-0.02783616599345188,0.05556723319869038,-0.03698831597527814
9.29000000000044,0.05,-0.02618818336836233,-0.02773316707938375,0.055546633415876755,-0.03719602973521429
9.300000000000443,0.05,-0.017690181291755806,-0.027105480467656807,0.055421096093531366,-0.037326662587913124
9.310000000000446,0.05,-0.009172334187765648,-0.025984658825163258,0.05519693176503265,-0.03738056306245071
9.32000000000045,0.05,-0.0007161480992565273,-0.024405376904793594,0.054881075380958724,-0.03735858006639824
9.330000000000453,0.05,0.007618423240144911,-0.02240388939573431,0.05448077787914686,-0.03726190894996855
9.340000000000456,0.05,0.015464485498199374,-0.020037115964862712,0.054007423192972547,-0.03709528365172537
9.35000000000046,0.05,0.023055113015724327,-0.01734385165357518,0.05346877033071504,-0.03686252124425984
9.360000000000463,0.05,0.030392369643630072,-0.014360337822498917,0.05287206756449979,-0.036565948038635894
9.370000000000466,0.05,0.03741863801235417,-0.011124151832819586,0.05222483036656392,-0.036208004288643854
9.38000000000047,0.05,0.044006674068371596,-0.007678475213994058,0.05153569504279881,-0.035791988419071046
9.390000000000473,0.05,0.049892850785996194,-0.004080267338993541,0.05081605346779871,-0.03532383564706571
9.400000000000476,0.05,0.05483276436877759,-0.00039820285725669256,0.05007964057145134,-0.034811981578814245
9.41000000000048,0.05,0.05857613738059885,0.0032876934076104328,0.049342461318477915,-0.034267483606513265
9.420000000000483,0.05,0.060951973941919944,0.006891710941005906,0.04862165781179882,-0.033703384867840754
9.430000000000486,0.05,0.06173311445193304,0.010319298660439924,0.047936140267912014,-0.03313495930210302
9.44000000000049,0.05,0.060808761154284637,0.013474890066306207,0.04730502198673876,-0.032578500237153744
9.450000000000493,0.05,0.05801897004893607,0.016258895065221445,0.04674822098695571,-0.032051741705102714
9.460000000000496,0.05,0.05331488936796157,0.018574894709143426,0.04628502105817132,-0.031573178806483616
9.4700000000005,0.05,0.04677012677969977,0.02033709671355375,0.04593258065728925,-0.031160486293476626
9.480000000000503,0.05,0.03855693255879084,0.021475836453881424,0.045704832709223715,-0.030829518107896213
9.490000000000506,0.05,0.028979130021982887,0.02194479230188791,0.04561104153962242,-0.030592770705828033
9.50000000000051,0.05,0.018340223365605576,0.021719506743370195,0.045656098651325965,-0.03045951537114406
9.510000000000513,0.05,0.007029726394144035,0.020801395471543273,0.04583972090569135,-0.030434837319715878
9.520000000000516,0.05,-0.004604044494483792,0.019213555473666086,0.04615728890526678,-0.030520340816513565
9.53000000000052,0.05,-0.016226479557733396,0.016998553284202925,0.04660028934315942,-0.030714354603330073
9.540000000000523,0.05,-0.027502524123634617,0.014217235946212207,0.04715655281075756,-0.031012336874509626
9.550000000000527,0.05,-0.03806559253718448,0.010949559165998891,0.04781008816680023,-0.03140660239809862
9.56000000000053,0.05,-0.04766822404209845,0.00728594771549166,0.04854281045690167,-0.03188672797767678
9.570000000000533,0.05,-0.05607202969726732,0.0033260741271929845,0.049334785174561406,-0.032440385360221
9.580000000000537,0.05,-0.06299922521523212,-0.0008192570817098822,0.05016385141634198,-0.033052903905765894
9.59000000000054,0.05,-0.06818945034805868,-0.0050298941608580006,0.0510059788321716,-0.033707364334461
9.600000000000543,0.05,-0.07139578074492559,-0.009177762072363524,0.051835552414472706,-0.03438476007747104
9.610000000000547,0.05,-0.07250396035083494,-0.013135649464769226,0.052627129892953844,-0.03506476531227724
9.62000000000055,0.05,-0.07111921923911656,-0.016759622575667068,0.05335192451513342,-0.035723680423810834
9.630000000000553,0.05,-0.06781887723580021,-0.019950825991926387,0.05399016519838528,-0.036341723626815474
9.640000000000557,0.05,-0.06302645478172449,-0.02264305279128961,0.054528610558257924,-0.03690584469385171
9.65000000000056,0.05,-0.057048640705500024,-0.024793402035928433,0.05495868040718569,-0.03740718864153734
9.660000000000563,0.05,-0.05016211149254816,-0.026378946376967662,0.05527578927539353,-0.037839724028993556
9.670000000000567,0.05,-0.042601512239201174,-0.027392856743357574,0.05547857134867152,-0.03819949123269286
9.68000000000057,0.05,-0.034568301627985305,-0.027841322048646946,0.055568264409729395,-0.03848409352887263
9.690000000000573,0.05,-0.026218033040997245,-0.02773986648566881,0.05554797329713376,-0.038692124236584295
9.700000000000577,0.05,-0.01771972191843861,-0.027113607450216726,0.05542272149004335,-0.038823071947017486
9.71000000000058,0.05,-0.009201123388274467,-0.025994077196344986,0.055198815439269,-0.03887727732110683
9.720000000000583,0.05,-0.0007439043992907646,-0.0244159413965286,0.054883188279305724,-0.03885558546492173
9.730000000000587,0.05,0.007591928981104911,-0.02241544949792588,0.05448308989958518,-0.038759189288708744
9.74000000000059,0.05,0.015439418573642127,-0.02004952024345214,0.05400990404869043,-0.0385928209723481
9.750000000000593,0.05,0.023031882594495113,-0.017356932566079595,0.053471386513215924,-0.038360295745802235
9.760000000000597,0.05,0.030371658061959843,-0.014373895651826195,0.05287477913036524,-0.03806393708865883
9.7700000000006,0.05,0.03740055356335562,-0.011137992575876318,0.052227598515175264,-0.03770618265531323
9.780000000000603,0.05,0.043991034235957925,-0.007692428400135599,0.05153848568002712,-0.03729033601052719
9.790000000000607,0.05,0.04987966358750075,-0.0040941726509072015,0.05081883453018144,-0.0368223309484722
9.80000000000061,0.05,0.05482183137602088,-0.0004119223992230434,0.05008238447984461,-0.03631060584023326
9.810000000000613,0.05,0.05856771933088006,0.0032743052089095545,0.04934513895821809,-0.03576622029490111
9.820000000000617,0.05,0.06091836783339414,0.0068770591229409695,0.048624588175411806,-0.03520250123018107
9.83000000000062,0.05,0.06170932318912666,0.010304075627078649,0.047939184874584276,-0.034634394689090055
9.840000000000623,0.05,0.060793575564970254,0.013459669373197862,0.047308066125360426,-0.03407814486639348
9.850000000000627,0.05,0.05801042322994544,0.01624409148924546,0.04675118170215091,-0.033551513959439706
9.86000000000063,0.05,0.05331126643402548,0.018560789923294935,0.046287842015341016,-0.033073022064305214
9.870000000000633,0.05,0.04676992643788956,0.02032386095545765,0.04593522780890847,-0.032660362778608155
9.880000000000637,0.05,0.038558830742518396,0.021463546567149303,0.04570729068657014,-0.03232940381443767
9.89000000000064,0.05,0.028981849190044196,0.021933440481080382,0.045613311903783926,-0.032092653043987764
9.900000000000643,0.05,0.01834300015064874,0.021709037960428335,0.045658192407914334,-0.031959387402789384
9.910000000000647,0.05,0.007031981419815725,0.02079172192663976,0.04584165561467205,-0.031934698047380715
9.92000000000065,0.05,-0.004602326524927461,0.019204593898416313,0.04615908122031674,-0.03202018820513449
9.930000000000653,0.05,-0.016225257230734667,0.016990228202843682,0.046601954359431264,-0.03221418422460668
9.940000000000657,0.05,-0.0275015518460831,0.014209491949784887,0.047158101610043024,-0.03251214055175048
9.95000000000066,0.05,-0.03806446637557642,0.010942369554448782,0.04781152608911025,-0.03290636796528509
9.960000000000663,0.05,-0.04766664309745181,0.007279306263703849,0.048544138747259234,-0.033386439479627474
9.970000000000667,0.05,-0.05606981461287003,0.003319986208916742,0.04933600275821665,-0.033940024685726426
9.98000000000067,0.05,-0.06299619903746043,-0.0008247753689831286,0.050164955073796626,-0.03455245198658843
9.990000000000673,0.05,-0.06818595041353544,-0.005034848809268966,0.051006969761853795,-0.035206803498896135
